region,supplysector,subsector,stub.technology,year,capacity.factor
AH,electricity,wind,wind_storage,1975,0.19
BJ,electricity,solar,PV,1975,0.2322
CQ,electricity,solar,PV,1975,0.1885
FJ,electricity,solar,PV,1975,0.2404
GD,electricity,solar,PV,1975,0.2391
GS,electricity,solar,PV,1975,0.2668
GX,electricity,solar,PV,1975,0.2292
GZ,electricity,solar,PV,1975,0.2318
HA,electricity,solar,PV,1975,0.2157
HB,electricity,solar,PV,1975,0.2094
HE,electricity,solar,PV,1975,0.2337
HI,electricity,solar,PV,1975,0.2689
HL,electricity,solar,PV,1975,0.215
HN,electricity,solar,PV,1975,0.2045
JL,electricity,solar,PV,1975,0.2221
JS,electricity,solar,PV,1975,0.2154
JX,electricity,solar,PV,1975,0.2184
LN,electricity,solar,PV,1975,0.2259
NM,electricity,solar,PV,1975,0.2529
NX,electricity,solar,PV,1975,0.2665
QH,electricity,solar,PV,1975,0.3241
SC,electricity,solar,PV,1975,0.2396
SD,electricity,solar,PV,1975,0.2221
SH,electricity,solar,PV,1975,0.2094
SN,electricity,solar,PV,1975,0.2376
SX,electricity,solar,PV,1975,0.2453
TJ,electricity,solar,PV,1975,0.2238
XJ,electricity,solar,PV,1975,0.2401
XZ,electricity,solar,PV,1975,0.3844
YN,electricity,solar,PV,1975,0.2981
ZJ,electricity,solar,PV,1975,0.2196
AH,electricity,wind,wind_storage,1990,0.19
BJ,electricity,solar,PV_storage,1975,0.2322
CQ,electricity,solar,PV_storage,1975,0.1885
FJ,electricity,solar,PV_storage,1975,0.2404
GD,electricity,solar,PV_storage,1975,0.2391
GS,electricity,solar,PV_storage,1975,0.2668
GX,electricity,solar,PV_storage,1975,0.2292
GZ,electricity,solar,PV_storage,1975,0.2318
HA,electricity,solar,PV_storage,1975,0.2157
HB,electricity,solar,PV_storage,1975,0.2094
HE,electricity,solar,PV_storage,1975,0.2337
HI,electricity,solar,PV_storage,1975,0.2689
HL,electricity,solar,PV_storage,1975,0.215
HN,electricity,solar,PV_storage,1975,0.2045
JL,electricity,solar,PV_storage,1975,0.2221
JS,electricity,solar,PV_storage,1975,0.2154
JX,electricity,solar,PV_storage,1975,0.2184
LN,electricity,solar,PV_storage,1975,0.2259
NM,electricity,solar,PV_storage,1975,0.2529
NX,electricity,solar,PV_storage,1975,0.2665
QH,electricity,solar,PV_storage,1975,0.3241
SC,electricity,solar,PV_storage,1975,0.2396
SD,electricity,solar,PV_storage,1975,0.2221
SH,electricity,solar,PV_storage,1975,0.2094
SN,electricity,solar,PV_storage,1975,0.2376
SX,electricity,solar,PV_storage,1975,0.2453
TJ,electricity,solar,PV_storage,1975,0.2238
XJ,electricity,solar,PV_storage,1975,0.2401
XZ,electricity,solar,PV_storage,1975,0.3844
YN,electricity,solar,PV_storage,1975,0.2981
ZJ,electricity,solar,PV_storage,1975,0.2196
AH,electricity,wind,wind_storage,2005,0.19
BJ,electricity,solar,PV,1990,0.2322
CQ,electricity,solar,PV,1990,0.1885
FJ,electricity,solar,PV,1990,0.2404
GD,electricity,solar,PV,1990,0.2391
GS,electricity,solar,PV,1990,0.2668
GX,electricity,solar,PV,1990,0.2292
GZ,electricity,solar,PV,1990,0.2318
HA,electricity,solar,PV,1990,0.2157
HB,electricity,solar,PV,1990,0.2094
HE,electricity,solar,PV,1990,0.2337
HI,electricity,solar,PV,1990,0.2689
HL,electricity,solar,PV,1990,0.215
HN,electricity,solar,PV,1990,0.2045
JL,electricity,solar,PV,1990,0.2221
JS,electricity,solar,PV,1990,0.2154
JX,electricity,solar,PV,1990,0.2184
LN,electricity,solar,PV,1990,0.2259
NM,electricity,solar,PV,1990,0.2529
NX,electricity,solar,PV,1990,0.2665
QH,electricity,solar,PV,1990,0.3241
SC,electricity,solar,PV,1990,0.2396
SD,electricity,solar,PV,1990,0.2221
SH,electricity,solar,PV,1990,0.2094
SN,electricity,solar,PV,1990,0.2376
SX,electricity,solar,PV,1990,0.2453
TJ,electricity,solar,PV,1990,0.2238
XJ,electricity,solar,PV,1990,0.2401
XZ,electricity,solar,PV,1990,0.3844
YN,electricity,solar,PV,1990,0.2981
ZJ,electricity,solar,PV,1990,0.2196
AH,electricity,wind,wind_storage,2010,0.19
BJ,electricity,solar,PV_storage,1990,0.2322
CQ,electricity,solar,PV_storage,1990,0.1885
FJ,electricity,solar,PV_storage,1990,0.2404
GD,electricity,solar,PV_storage,1990,0.2391
GS,electricity,solar,PV_storage,1990,0.2668
GX,electricity,solar,PV_storage,1990,0.2292
GZ,electricity,solar,PV_storage,1990,0.2318
HA,electricity,solar,PV_storage,1990,0.2157
HB,electricity,solar,PV_storage,1990,0.2094
HE,electricity,solar,PV_storage,1990,0.2337
HI,electricity,solar,PV_storage,1990,0.2689
HL,electricity,solar,PV_storage,1990,0.215
HN,electricity,solar,PV_storage,1990,0.2045
JL,electricity,solar,PV_storage,1990,0.2221
JS,electricity,solar,PV_storage,1990,0.2154
JX,electricity,solar,PV_storage,1990,0.2184
LN,electricity,solar,PV_storage,1990,0.2259
NM,electricity,solar,PV_storage,1990,0.2529
NX,electricity,solar,PV_storage,1990,0.2665
QH,electricity,solar,PV_storage,1990,0.3241
SC,electricity,solar,PV_storage,1990,0.2396
SD,electricity,solar,PV_storage,1990,0.2221
SH,electricity,solar,PV_storage,1990,0.2094
SN,electricity,solar,PV_storage,1990,0.2376
SX,electricity,solar,PV_storage,1990,0.2453
TJ,electricity,solar,PV_storage,1990,0.2238
XJ,electricity,solar,PV_storage,1990,0.2401
XZ,electricity,solar,PV_storage,1990,0.3844
YN,electricity,solar,PV_storage,1990,0.2981
ZJ,electricity,solar,PV_storage,1990,0.2196
AH,electricity,wind,wind_storage,2015,0.19
BJ,electricity,solar,PV,2005,0.2322
CQ,electricity,solar,PV,2005,0.1885
FJ,electricity,solar,PV,2005,0.2404
GD,electricity,solar,PV,2005,0.2391
GS,electricity,solar,PV,2005,0.2668
GX,electricity,solar,PV,2005,0.2292
GZ,electricity,solar,PV,2005,0.2318
HA,electricity,solar,PV,2005,0.2157
HB,electricity,solar,PV,2005,0.2094
HE,electricity,solar,PV,2005,0.2337
HI,electricity,solar,PV,2005,0.2689
HL,electricity,solar,PV,2005,0.215
HN,electricity,solar,PV,2005,0.2045
JL,electricity,solar,PV,2005,0.2221
JS,electricity,solar,PV,2005,0.2154
JX,electricity,solar,PV,2005,0.2184
LN,electricity,solar,PV,2005,0.2259
NM,electricity,solar,PV,2005,0.2529
NX,electricity,solar,PV,2005,0.2665
QH,electricity,solar,PV,2005,0.3241
SC,electricity,solar,PV,2005,0.2396
SD,electricity,solar,PV,2005,0.2221
SH,electricity,solar,PV,2005,0.2094
SN,electricity,solar,PV,2005,0.2376
SX,electricity,solar,PV,2005,0.2453
TJ,electricity,solar,PV,2005,0.2238
XJ,electricity,solar,PV,2005,0.2401
XZ,electricity,solar,PV,2005,0.3844
YN,electricity,solar,PV,2005,0.2981
ZJ,electricity,solar,PV,2005,0.2196
AH,electricity,wind,wind_storage,2020,0.19
BJ,electricity,solar,PV_storage,2005,0.2322
CQ,electricity,solar,PV_storage,2005,0.1885
FJ,electricity,solar,PV_storage,2005,0.2404
GD,electricity,solar,PV_storage,2005,0.2391
GS,electricity,solar,PV_storage,2005,0.2668
GX,electricity,solar,PV_storage,2005,0.2292
GZ,electricity,solar,PV_storage,2005,0.2318
HA,electricity,solar,PV_storage,2005,0.2157
HB,electricity,solar,PV_storage,2005,0.2094
HE,electricity,solar,PV_storage,2005,0.2337
HI,electricity,solar,PV_storage,2005,0.2689
HL,electricity,solar,PV_storage,2005,0.215
HN,electricity,solar,PV_storage,2005,0.2045
JL,electricity,solar,PV_storage,2005,0.2221
JS,electricity,solar,PV_storage,2005,0.2154
JX,electricity,solar,PV_storage,2005,0.2184
LN,electricity,solar,PV_storage,2005,0.2259
NM,electricity,solar,PV_storage,2005,0.2529
NX,electricity,solar,PV_storage,2005,0.2665
QH,electricity,solar,PV_storage,2005,0.3241
SC,electricity,solar,PV_storage,2005,0.2396
SD,electricity,solar,PV_storage,2005,0.2221
SH,electricity,solar,PV_storage,2005,0.2094
SN,electricity,solar,PV_storage,2005,0.2376
SX,electricity,solar,PV_storage,2005,0.2453
TJ,electricity,solar,PV_storage,2005,0.2238
XJ,electricity,solar,PV_storage,2005,0.2401
XZ,electricity,solar,PV_storage,2005,0.3844
YN,electricity,solar,PV_storage,2005,0.2981
ZJ,electricity,solar,PV_storage,2005,0.2196
AH,electricity,wind,wind_storage,2025,0.19
BJ,electricity,solar,PV,2010,0.2322
CQ,electricity,solar,PV,2010,0.1885
FJ,electricity,solar,PV,2010,0.2404
GD,electricity,solar,PV,2010,0.2391
GS,electricity,solar,PV,2010,0.2668
GX,electricity,solar,PV,2010,0.2292
GZ,electricity,solar,PV,2010,0.2318
HA,electricity,solar,PV,2010,0.2157
HB,electricity,solar,PV,2010,0.2094
HE,electricity,solar,PV,2010,0.2337
HI,electricity,solar,PV,2010,0.2689
HL,electricity,solar,PV,2010,0.215
HN,electricity,solar,PV,2010,0.2045
JL,electricity,solar,PV,2010,0.2221
JS,electricity,solar,PV,2010,0.2154
JX,electricity,solar,PV,2010,0.2184
LN,electricity,solar,PV,2010,0.2259
NM,electricity,solar,PV,2010,0.2529
NX,electricity,solar,PV,2010,0.2665
QH,electricity,solar,PV,2010,0.3241
SC,electricity,solar,PV,2010,0.2396
SD,electricity,solar,PV,2010,0.2221
SH,electricity,solar,PV,2010,0.2094
SN,electricity,solar,PV,2010,0.2376
SX,electricity,solar,PV,2010,0.2453
TJ,electricity,solar,PV,2010,0.2238
XJ,electricity,solar,PV,2010,0.2401
XZ,electricity,solar,PV,2010,0.3844
YN,electricity,solar,PV,2010,0.2981
ZJ,electricity,solar,PV,2010,0.2196
AH,electricity,wind,wind_storage,2030,0.19
BJ,electricity,solar,PV_storage,2010,0.2322
CQ,electricity,solar,PV_storage,2010,0.1885
FJ,electricity,solar,PV_storage,2010,0.2404
GD,electricity,solar,PV_storage,2010,0.2391
GS,electricity,solar,PV_storage,2010,0.2668
GX,electricity,solar,PV_storage,2010,0.2292
GZ,electricity,solar,PV_storage,2010,0.2318
HA,electricity,solar,PV_storage,2010,0.2157
HB,electricity,solar,PV_storage,2010,0.2094
HE,electricity,solar,PV_storage,2010,0.2337
HI,electricity,solar,PV_storage,2010,0.2689
HL,electricity,solar,PV_storage,2010,0.215
HN,electricity,solar,PV_storage,2010,0.2045
JL,electricity,solar,PV_storage,2010,0.2221
JS,electricity,solar,PV_storage,2010,0.2154
JX,electricity,solar,PV_storage,2010,0.2184
LN,electricity,solar,PV_storage,2010,0.2259
NM,electricity,solar,PV_storage,2010,0.2529
NX,electricity,solar,PV_storage,2010,0.2665
QH,electricity,solar,PV_storage,2010,0.3241
SC,electricity,solar,PV_storage,2010,0.2396
SD,electricity,solar,PV_storage,2010,0.2221
SH,electricity,solar,PV_storage,2010,0.2094
SN,electricity,solar,PV_storage,2010,0.2376
SX,electricity,solar,PV_storage,2010,0.2453
TJ,electricity,solar,PV_storage,2010,0.2238
XJ,electricity,solar,PV_storage,2010,0.2401
XZ,electricity,solar,PV_storage,2010,0.3844
YN,electricity,solar,PV_storage,2010,0.2981
ZJ,electricity,solar,PV_storage,2010,0.2196
AH,electricity,wind,wind_storage,2035,0.19
BJ,electricity,solar,PV,2015,0.2322
CQ,electricity,solar,PV,2015,0.1885
FJ,electricity,solar,PV,2015,0.2404
GD,electricity,solar,PV,2015,0.2391
GS,electricity,solar,PV,2015,0.2668
GX,electricity,solar,PV,2015,0.2292
GZ,electricity,solar,PV,2015,0.2318
HA,electricity,solar,PV,2015,0.2157
HB,electricity,solar,PV,2015,0.2094
HE,electricity,solar,PV,2015,0.2337
HI,electricity,solar,PV,2015,0.2689
HL,electricity,solar,PV,2015,0.215
HN,electricity,solar,PV,2015,0.2045
JL,electricity,solar,PV,2015,0.2221
JS,electricity,solar,PV,2015,0.2154
JX,electricity,solar,PV,2015,0.2184
LN,electricity,solar,PV,2015,0.2259
NM,electricity,solar,PV,2015,0.2529
NX,electricity,solar,PV,2015,0.2665
QH,electricity,solar,PV,2015,0.3241
SC,electricity,solar,PV,2015,0.2396
SD,electricity,solar,PV,2015,0.2221
SH,electricity,solar,PV,2015,0.2094
SN,electricity,solar,PV,2015,0.2376
SX,electricity,solar,PV,2015,0.2453
TJ,electricity,solar,PV,2015,0.2238
XJ,electricity,solar,PV,2015,0.2401
XZ,electricity,solar,PV,2015,0.3844
YN,electricity,solar,PV,2015,0.2981
ZJ,electricity,solar,PV,2015,0.2196
AH,electricity,wind,wind_storage,2040,0.19
BJ,electricity,solar,PV_storage,2015,0.2322
CQ,electricity,solar,PV_storage,2015,0.1885
FJ,electricity,solar,PV_storage,2015,0.2404
GD,electricity,solar,PV_storage,2015,0.2391
GS,electricity,solar,PV_storage,2015,0.2668
GX,electricity,solar,PV_storage,2015,0.2292
GZ,electricity,solar,PV_storage,2015,0.2318
HA,electricity,solar,PV_storage,2015,0.2157
HB,electricity,solar,PV_storage,2015,0.2094
HE,electricity,solar,PV_storage,2015,0.2337
HI,electricity,solar,PV_storage,2015,0.2689
HL,electricity,solar,PV_storage,2015,0.215
HN,electricity,solar,PV_storage,2015,0.2045
JL,electricity,solar,PV_storage,2015,0.2221
JS,electricity,solar,PV_storage,2015,0.2154
JX,electricity,solar,PV_storage,2015,0.2184
LN,electricity,solar,PV_storage,2015,0.2259
NM,electricity,solar,PV_storage,2015,0.2529
NX,electricity,solar,PV_storage,2015,0.2665
QH,electricity,solar,PV_storage,2015,0.3241
SC,electricity,solar,PV_storage,2015,0.2396
SD,electricity,solar,PV_storage,2015,0.2221
SH,electricity,solar,PV_storage,2015,0.2094
SN,electricity,solar,PV_storage,2015,0.2376
SX,electricity,solar,PV_storage,2015,0.2453
TJ,electricity,solar,PV_storage,2015,0.2238
XJ,electricity,solar,PV_storage,2015,0.2401
XZ,electricity,solar,PV_storage,2015,0.3844
YN,electricity,solar,PV_storage,2015,0.2981
ZJ,electricity,solar,PV_storage,2015,0.2196
AH,electricity,wind,wind_storage,2045,0.19
BJ,electricity,solar,PV,2020,0.2322
CQ,electricity,solar,PV,2020,0.1885
FJ,electricity,solar,PV,2020,0.2404
GD,electricity,solar,PV,2020,0.2391
GS,electricity,solar,PV,2020,0.2668
GX,electricity,solar,PV,2020,0.2292
GZ,electricity,solar,PV,2020,0.2318
HA,electricity,solar,PV,2020,0.2157
HB,electricity,solar,PV,2020,0.2094
HE,electricity,solar,PV,2020,0.2337
HI,electricity,solar,PV,2020,0.2689
HL,electricity,solar,PV,2020,0.215
HN,electricity,solar,PV,2020,0.2045
JL,electricity,solar,PV,2020,0.2221
JS,electricity,solar,PV,2020,0.2154
JX,electricity,solar,PV,2020,0.2184
LN,electricity,solar,PV,2020,0.2259
NM,electricity,solar,PV,2020,0.2529
NX,electricity,solar,PV,2020,0.2665
QH,electricity,solar,PV,2020,0.3241
SC,electricity,solar,PV,2020,0.2396
SD,electricity,solar,PV,2020,0.2221
SH,electricity,solar,PV,2020,0.2094
SN,electricity,solar,PV,2020,0.2376
SX,electricity,solar,PV,2020,0.2453
TJ,electricity,solar,PV,2020,0.2238
XJ,electricity,solar,PV,2020,0.2401
XZ,electricity,solar,PV,2020,0.3844
YN,electricity,solar,PV,2020,0.2981
ZJ,electricity,solar,PV,2020,0.2196
AH,electricity,wind,wind_storage,2050,0.19
BJ,electricity,solar,PV_storage,2020,0.2322
CQ,electricity,solar,PV_storage,2020,0.1885
FJ,electricity,solar,PV_storage,2020,0.2404
GD,electricity,solar,PV_storage,2020,0.2391
GS,electricity,solar,PV_storage,2020,0.2668
GX,electricity,solar,PV_storage,2020,0.2292
GZ,electricity,solar,PV_storage,2020,0.2318
HA,electricity,solar,PV_storage,2020,0.2157
HB,electricity,solar,PV_storage,2020,0.2094
HE,electricity,solar,PV_storage,2020,0.2337
HI,electricity,solar,PV_storage,2020,0.2689
HL,electricity,solar,PV_storage,2020,0.215
HN,electricity,solar,PV_storage,2020,0.2045
JL,electricity,solar,PV_storage,2020,0.2221
JS,electricity,solar,PV_storage,2020,0.2154
JX,electricity,solar,PV_storage,2020,0.2184
LN,electricity,solar,PV_storage,2020,0.2259
NM,electricity,solar,PV_storage,2020,0.2529
NX,electricity,solar,PV_storage,2020,0.2665
QH,electricity,solar,PV_storage,2020,0.3241
SC,electricity,solar,PV_storage,2020,0.2396
SD,electricity,solar,PV_storage,2020,0.2221
SH,electricity,solar,PV_storage,2020,0.2094
SN,electricity,solar,PV_storage,2020,0.2376
SX,electricity,solar,PV_storage,2020,0.2453
TJ,electricity,solar,PV_storage,2020,0.2238
XJ,electricity,solar,PV_storage,2020,0.2401
XZ,electricity,solar,PV_storage,2020,0.3844
YN,electricity,solar,PV_storage,2020,0.2981
ZJ,electricity,solar,PV_storage,2020,0.2196
AH,electricity,wind,wind_storage,2055,0.19
BJ,electricity,solar,PV,2025,0.2322
CQ,electricity,solar,PV,2025,0.1885
FJ,electricity,solar,PV,2025,0.2404
GD,electricity,solar,PV,2025,0.2391
GS,electricity,solar,PV,2025,0.2668
GX,electricity,solar,PV,2025,0.2292
GZ,electricity,solar,PV,2025,0.2318
HA,electricity,solar,PV,2025,0.2157
HB,electricity,solar,PV,2025,0.2094
HE,electricity,solar,PV,2025,0.2337
HI,electricity,solar,PV,2025,0.2689
HL,electricity,solar,PV,2025,0.215
HN,electricity,solar,PV,2025,0.2045
JL,electricity,solar,PV,2025,0.2221
JS,electricity,solar,PV,2025,0.2154
JX,electricity,solar,PV,2025,0.2184
LN,electricity,solar,PV,2025,0.2259
NM,electricity,solar,PV,2025,0.2529
NX,electricity,solar,PV,2025,0.2665
QH,electricity,solar,PV,2025,0.3241
SC,electricity,solar,PV,2025,0.2396
SD,electricity,solar,PV,2025,0.2221
SH,electricity,solar,PV,2025,0.2094
SN,electricity,solar,PV,2025,0.2376
SX,electricity,solar,PV,2025,0.2453
TJ,electricity,solar,PV,2025,0.2238
XJ,electricity,solar,PV,2025,0.2401
XZ,electricity,solar,PV,2025,0.3844
YN,electricity,solar,PV,2025,0.2981
ZJ,electricity,solar,PV,2025,0.2196
AH,electricity,wind,wind_storage,2060,0.19
BJ,electricity,solar,PV_storage,2025,0.2322
CQ,electricity,solar,PV_storage,2025,0.1885
FJ,electricity,solar,PV_storage,2025,0.2404
GD,electricity,solar,PV_storage,2025,0.2391
GS,electricity,solar,PV_storage,2025,0.2668
GX,electricity,solar,PV_storage,2025,0.2292
GZ,electricity,solar,PV_storage,2025,0.2318
HA,electricity,solar,PV_storage,2025,0.2157
HB,electricity,solar,PV_storage,2025,0.2094
HE,electricity,solar,PV_storage,2025,0.2337
HI,electricity,solar,PV_storage,2025,0.2689
HL,electricity,solar,PV_storage,2025,0.215
HN,electricity,solar,PV_storage,2025,0.2045
JL,electricity,solar,PV_storage,2025,0.2221
JS,electricity,solar,PV_storage,2025,0.2154
JX,electricity,solar,PV_storage,2025,0.2184
LN,electricity,solar,PV_storage,2025,0.2259
NM,electricity,solar,PV_storage,2025,0.2529
NX,electricity,solar,PV_storage,2025,0.2665
QH,electricity,solar,PV_storage,2025,0.3241
SC,electricity,solar,PV_storage,2025,0.2396
SD,electricity,solar,PV_storage,2025,0.2221
SH,electricity,solar,PV_storage,2025,0.2094
SN,electricity,solar,PV_storage,2025,0.2376
SX,electricity,solar,PV_storage,2025,0.2453
TJ,electricity,solar,PV_storage,2025,0.2238
XJ,electricity,solar,PV_storage,2025,0.2401
XZ,electricity,solar,PV_storage,2025,0.3844
YN,electricity,solar,PV_storage,2025,0.2981
ZJ,electricity,solar,PV_storage,2025,0.2196
AH,electricity,wind,wind_storage,2065,0.19
BJ,electricity,solar,PV,2030,0.2322
CQ,electricity,solar,PV,2030,0.1885
FJ,electricity,solar,PV,2030,0.2404
GD,electricity,solar,PV,2030,0.2391
GS,electricity,solar,PV,2030,0.2668
GX,electricity,solar,PV,2030,0.2292
GZ,electricity,solar,PV,2030,0.2318
HA,electricity,solar,PV,2030,0.2157
HB,electricity,solar,PV,2030,0.2094
HE,electricity,solar,PV,2030,0.2337
HI,electricity,solar,PV,2030,0.2689
HL,electricity,solar,PV,2030,0.215
HN,electricity,solar,PV,2030,0.2045
JL,electricity,solar,PV,2030,0.2221
JS,electricity,solar,PV,2030,0.2154
JX,electricity,solar,PV,2030,0.2184
LN,electricity,solar,PV,2030,0.2259
NM,electricity,solar,PV,2030,0.2529
NX,electricity,solar,PV,2030,0.2665
QH,electricity,solar,PV,2030,0.3241
SC,electricity,solar,PV,2030,0.2396
SD,electricity,solar,PV,2030,0.2221
SH,electricity,solar,PV,2030,0.2094
SN,electricity,solar,PV,2030,0.2376
SX,electricity,solar,PV,2030,0.2453
TJ,electricity,solar,PV,2030,0.2238
XJ,electricity,solar,PV,2030,0.2401
XZ,electricity,solar,PV,2030,0.3844
YN,electricity,solar,PV,2030,0.2981
ZJ,electricity,solar,PV,2030,0.2196
AH,electricity,wind,wind_storage,2070,0.19
BJ,electricity,solar,PV_storage,2030,0.2322
CQ,electricity,solar,PV_storage,2030,0.1885
FJ,electricity,solar,PV_storage,2030,0.2404
GD,electricity,solar,PV_storage,2030,0.2391
GS,electricity,solar,PV_storage,2030,0.2668
GX,electricity,solar,PV_storage,2030,0.2292
GZ,electricity,solar,PV_storage,2030,0.2318
HA,electricity,solar,PV_storage,2030,0.2157
HB,electricity,solar,PV_storage,2030,0.2094
HE,electricity,solar,PV_storage,2030,0.2337
HI,electricity,solar,PV_storage,2030,0.2689
HL,electricity,solar,PV_storage,2030,0.215
HN,electricity,solar,PV_storage,2030,0.2045
JL,electricity,solar,PV_storage,2030,0.2221
JS,electricity,solar,PV_storage,2030,0.2154
JX,electricity,solar,PV_storage,2030,0.2184
LN,electricity,solar,PV_storage,2030,0.2259
NM,electricity,solar,PV_storage,2030,0.2529
NX,electricity,solar,PV_storage,2030,0.2665
QH,electricity,solar,PV_storage,2030,0.3241
SC,electricity,solar,PV_storage,2030,0.2396
SD,electricity,solar,PV_storage,2030,0.2221
SH,electricity,solar,PV_storage,2030,0.2094
SN,electricity,solar,PV_storage,2030,0.2376
SX,electricity,solar,PV_storage,2030,0.2453
TJ,electricity,solar,PV_storage,2030,0.2238
XJ,electricity,solar,PV_storage,2030,0.2401
XZ,electricity,solar,PV_storage,2030,0.3844
YN,electricity,solar,PV_storage,2030,0.2981
ZJ,electricity,solar,PV_storage,2030,0.2196
AH,electricity,wind,wind_storage,2075,0.19
BJ,electricity,solar,PV,2035,0.2322
CQ,electricity,solar,PV,2035,0.1885
FJ,electricity,solar,PV,2035,0.2404
GD,electricity,solar,PV,2035,0.2391
GS,electricity,solar,PV,2035,0.2668
GX,electricity,solar,PV,2035,0.2292
GZ,electricity,solar,PV,2035,0.2318
HA,electricity,solar,PV,2035,0.2157
HB,electricity,solar,PV,2035,0.2094
HE,electricity,solar,PV,2035,0.2337
HI,electricity,solar,PV,2035,0.2689
HL,electricity,solar,PV,2035,0.215
HN,electricity,solar,PV,2035,0.2045
JL,electricity,solar,PV,2035,0.2221
JS,electricity,solar,PV,2035,0.2154
JX,electricity,solar,PV,2035,0.2184
LN,electricity,solar,PV,2035,0.2259
NM,electricity,solar,PV,2035,0.2529
NX,electricity,solar,PV,2035,0.2665
QH,electricity,solar,PV,2035,0.3241
SC,electricity,solar,PV,2035,0.2396
SD,electricity,solar,PV,2035,0.2221
SH,electricity,solar,PV,2035,0.2094
SN,electricity,solar,PV,2035,0.2376
SX,electricity,solar,PV,2035,0.2453
TJ,electricity,solar,PV,2035,0.2238
XJ,electricity,solar,PV,2035,0.2401
XZ,electricity,solar,PV,2035,0.3844
YN,electricity,solar,PV,2035,0.2981
ZJ,electricity,solar,PV,2035,0.2196
AH,electricity,wind,wind_storage,2080,0.19
BJ,electricity,solar,PV_storage,2035,0.2322
CQ,electricity,solar,PV_storage,2035,0.1885
FJ,electricity,solar,PV_storage,2035,0.2404
GD,electricity,solar,PV_storage,2035,0.2391
GS,electricity,solar,PV_storage,2035,0.2668
GX,electricity,solar,PV_storage,2035,0.2292
GZ,electricity,solar,PV_storage,2035,0.2318
HA,electricity,solar,PV_storage,2035,0.2157
HB,electricity,solar,PV_storage,2035,0.2094
HE,electricity,solar,PV_storage,2035,0.2337
HI,electricity,solar,PV_storage,2035,0.2689
HL,electricity,solar,PV_storage,2035,0.215
HN,electricity,solar,PV_storage,2035,0.2045
JL,electricity,solar,PV_storage,2035,0.2221
JS,electricity,solar,PV_storage,2035,0.2154
JX,electricity,solar,PV_storage,2035,0.2184
LN,electricity,solar,PV_storage,2035,0.2259
NM,electricity,solar,PV_storage,2035,0.2529
NX,electricity,solar,PV_storage,2035,0.2665
QH,electricity,solar,PV_storage,2035,0.3241
SC,electricity,solar,PV_storage,2035,0.2396
SD,electricity,solar,PV_storage,2035,0.2221
SH,electricity,solar,PV_storage,2035,0.2094
SN,electricity,solar,PV_storage,2035,0.2376
SX,electricity,solar,PV_storage,2035,0.2453
TJ,electricity,solar,PV_storage,2035,0.2238
XJ,electricity,solar,PV_storage,2035,0.2401
XZ,electricity,solar,PV_storage,2035,0.3844
YN,electricity,solar,PV_storage,2035,0.2981
ZJ,electricity,solar,PV_storage,2035,0.2196
AH,electricity,wind,wind_storage,2085,0.19
BJ,electricity,solar,PV,2040,0.2322
CQ,electricity,solar,PV,2040,0.1885
FJ,electricity,solar,PV,2040,0.2404
GD,electricity,solar,PV,2040,0.2391
GS,electricity,solar,PV,2040,0.2668
GX,electricity,solar,PV,2040,0.2292
GZ,electricity,solar,PV,2040,0.2318
HA,electricity,solar,PV,2040,0.2157
HB,electricity,solar,PV,2040,0.2094
HE,electricity,solar,PV,2040,0.2337
HI,electricity,solar,PV,2040,0.2689
HL,electricity,solar,PV,2040,0.215
HN,electricity,solar,PV,2040,0.2045
JL,electricity,solar,PV,2040,0.2221
JS,electricity,solar,PV,2040,0.2154
JX,electricity,solar,PV,2040,0.2184
LN,electricity,solar,PV,2040,0.2259
NM,electricity,solar,PV,2040,0.2529
NX,electricity,solar,PV,2040,0.2665
QH,electricity,solar,PV,2040,0.3241
SC,electricity,solar,PV,2040,0.2396
SD,electricity,solar,PV,2040,0.2221
SH,electricity,solar,PV,2040,0.2094
SN,electricity,solar,PV,2040,0.2376
SX,electricity,solar,PV,2040,0.2453
TJ,electricity,solar,PV,2040,0.2238
XJ,electricity,solar,PV,2040,0.2401
XZ,electricity,solar,PV,2040,0.3844
YN,electricity,solar,PV,2040,0.2981
ZJ,electricity,solar,PV,2040,0.2196
AH,electricity,wind,wind_storage,2090,0.19
BJ,electricity,solar,PV_storage,2040,0.2322
CQ,electricity,solar,PV_storage,2040,0.1885
FJ,electricity,solar,PV_storage,2040,0.2404
GD,electricity,solar,PV_storage,2040,0.2391
GS,electricity,solar,PV_storage,2040,0.2668
GX,electricity,solar,PV_storage,2040,0.2292
GZ,electricity,solar,PV_storage,2040,0.2318
HA,electricity,solar,PV_storage,2040,0.2157
HB,electricity,solar,PV_storage,2040,0.2094
HE,electricity,solar,PV_storage,2040,0.2337
HI,electricity,solar,PV_storage,2040,0.2689
HL,electricity,solar,PV_storage,2040,0.215
HN,electricity,solar,PV_storage,2040,0.2045
JL,electricity,solar,PV_storage,2040,0.2221
JS,electricity,solar,PV_storage,2040,0.2154
JX,electricity,solar,PV_storage,2040,0.2184
LN,electricity,solar,PV_storage,2040,0.2259
NM,electricity,solar,PV_storage,2040,0.2529
NX,electricity,solar,PV_storage,2040,0.2665
QH,electricity,solar,PV_storage,2040,0.3241
SC,electricity,solar,PV_storage,2040,0.2396
SD,electricity,solar,PV_storage,2040,0.2221
SH,electricity,solar,PV_storage,2040,0.2094
SN,electricity,solar,PV_storage,2040,0.2376
SX,electricity,solar,PV_storage,2040,0.2453
TJ,electricity,solar,PV_storage,2040,0.2238
XJ,electricity,solar,PV_storage,2040,0.2401
XZ,electricity,solar,PV_storage,2040,0.3844
YN,electricity,solar,PV_storage,2040,0.2981
ZJ,electricity,solar,PV_storage,2040,0.2196
AH,electricity,wind,wind_storage,2095,0.19
BJ,electricity,solar,PV,2045,0.2322
CQ,electricity,solar,PV,2045,0.1885
FJ,electricity,solar,PV,2045,0.2404
GD,electricity,solar,PV,2045,0.2391
GS,electricity,solar,PV,2045,0.2668
GX,electricity,solar,PV,2045,0.2292
GZ,electricity,solar,PV,2045,0.2318
HA,electricity,solar,PV,2045,0.2157
HB,electricity,solar,PV,2045,0.2094
HE,electricity,solar,PV,2045,0.2337
HI,electricity,solar,PV,2045,0.2689
HL,electricity,solar,PV,2045,0.215
HN,electricity,solar,PV,2045,0.2045
JL,electricity,solar,PV,2045,0.2221
JS,electricity,solar,PV,2045,0.2154
JX,electricity,solar,PV,2045,0.2184
LN,electricity,solar,PV,2045,0.2259
NM,electricity,solar,PV,2045,0.2529
NX,electricity,solar,PV,2045,0.2665
QH,electricity,solar,PV,2045,0.3241
SC,electricity,solar,PV,2045,0.2396
SD,electricity,solar,PV,2045,0.2221
SH,electricity,solar,PV,2045,0.2094
SN,electricity,solar,PV,2045,0.2376
SX,electricity,solar,PV,2045,0.2453
TJ,electricity,solar,PV,2045,0.2238
XJ,electricity,solar,PV,2045,0.2401
XZ,electricity,solar,PV,2045,0.3844
YN,electricity,solar,PV,2045,0.2981
ZJ,electricity,solar,PV,2045,0.2196
AH,electricity,wind,wind_storage,2100,0.19
BJ,electricity,solar,PV_storage,2045,0.2322
CQ,electricity,solar,PV_storage,2045,0.1885
FJ,electricity,solar,PV_storage,2045,0.2404
GD,electricity,solar,PV_storage,2045,0.2391
GS,electricity,solar,PV_storage,2045,0.2668
GX,electricity,solar,PV_storage,2045,0.2292
GZ,electricity,solar,PV_storage,2045,0.2318
HA,electricity,solar,PV_storage,2045,0.2157
HB,electricity,solar,PV_storage,2045,0.2094
HE,electricity,solar,PV_storage,2045,0.2337
HI,electricity,solar,PV_storage,2045,0.2689
HL,electricity,solar,PV_storage,2045,0.215
HN,electricity,solar,PV_storage,2045,0.2045
JL,electricity,solar,PV_storage,2045,0.2221
JS,electricity,solar,PV_storage,2045,0.2154
JX,electricity,solar,PV_storage,2045,0.2184
LN,electricity,solar,PV_storage,2045,0.2259
NM,electricity,solar,PV_storage,2045,0.2529
NX,electricity,solar,PV_storage,2045,0.2665
QH,electricity,solar,PV_storage,2045,0.3241
SC,electricity,solar,PV_storage,2045,0.2396
SD,electricity,solar,PV_storage,2045,0.2221
SH,electricity,solar,PV_storage,2045,0.2094
SN,electricity,solar,PV_storage,2045,0.2376
SX,electricity,solar,PV_storage,2045,0.2453
TJ,electricity,solar,PV_storage,2045,0.2238
XJ,electricity,solar,PV_storage,2045,0.2401
XZ,electricity,solar,PV_storage,2045,0.3844
YN,electricity,solar,PV_storage,2045,0.2981
ZJ,electricity,solar,PV_storage,2045,0.2196
AH,electricity,wind,wind_offshore,1975,0.19
BJ,electricity,solar,PV,2050,0.2322
CQ,electricity,solar,PV,2050,0.1885
FJ,electricity,solar,PV,2050,0.2404
GD,electricity,solar,PV,2050,0.2391
GS,electricity,solar,PV,2050,0.2668
GX,electricity,solar,PV,2050,0.2292
GZ,electricity,solar,PV,2050,0.2318
HA,electricity,solar,PV,2050,0.2157
HB,electricity,solar,PV,2050,0.2094
HE,electricity,solar,PV,2050,0.2337
HI,electricity,solar,PV,2050,0.2689
HL,electricity,solar,PV,2050,0.215
HN,electricity,solar,PV,2050,0.2045
JL,electricity,solar,PV,2050,0.2221
JS,electricity,solar,PV,2050,0.2154
JX,electricity,solar,PV,2050,0.2184
LN,electricity,solar,PV,2050,0.2259
NM,electricity,solar,PV,2050,0.2529
NX,electricity,solar,PV,2050,0.2665
QH,electricity,solar,PV,2050,0.3241
SC,electricity,solar,PV,2050,0.2396
SD,electricity,solar,PV,2050,0.2221
SH,electricity,solar,PV,2050,0.2094
SN,electricity,solar,PV,2050,0.2376
SX,electricity,solar,PV,2050,0.2453
TJ,electricity,solar,PV,2050,0.2238
XJ,electricity,solar,PV,2050,0.2401
XZ,electricity,solar,PV,2050,0.3844
YN,electricity,solar,PV,2050,0.2981
ZJ,electricity,solar,PV,2050,0.2196
AH,electricity,wind,wind_offshore,1990,0.19
BJ,electricity,solar,PV_storage,2050,0.2322
CQ,electricity,solar,PV_storage,2050,0.1885
FJ,electricity,solar,PV_storage,2050,0.2404
GD,electricity,solar,PV_storage,2050,0.2391
GS,electricity,solar,PV_storage,2050,0.2668
GX,electricity,solar,PV_storage,2050,0.2292
GZ,electricity,solar,PV_storage,2050,0.2318
HA,electricity,solar,PV_storage,2050,0.2157
HB,electricity,solar,PV_storage,2050,0.2094
HE,electricity,solar,PV_storage,2050,0.2337
HI,electricity,solar,PV_storage,2050,0.2689
HL,electricity,solar,PV_storage,2050,0.215
HN,electricity,solar,PV_storage,2050,0.2045
JL,electricity,solar,PV_storage,2050,0.2221
JS,electricity,solar,PV_storage,2050,0.2154
JX,electricity,solar,PV_storage,2050,0.2184
LN,electricity,solar,PV_storage,2050,0.2259
NM,electricity,solar,PV_storage,2050,0.2529
NX,electricity,solar,PV_storage,2050,0.2665
QH,electricity,solar,PV_storage,2050,0.3241
SC,electricity,solar,PV_storage,2050,0.2396
SD,electricity,solar,PV_storage,2050,0.2221
SH,electricity,solar,PV_storage,2050,0.2094
SN,electricity,solar,PV_storage,2050,0.2376
SX,electricity,solar,PV_storage,2050,0.2453
TJ,electricity,solar,PV_storage,2050,0.2238
XJ,electricity,solar,PV_storage,2050,0.2401
XZ,electricity,solar,PV_storage,2050,0.3844
YN,electricity,solar,PV_storage,2050,0.2981
ZJ,electricity,solar,PV_storage,2050,0.2196
AH,electricity,wind,wind_offshore,2005,0.19
BJ,electricity,solar,PV,2055,0.2322
CQ,electricity,solar,PV,2055,0.1885
FJ,electricity,solar,PV,2055,0.2404
GD,electricity,solar,PV,2055,0.2391
GS,electricity,solar,PV,2055,0.2668
GX,electricity,solar,PV,2055,0.2292
GZ,electricity,solar,PV,2055,0.2318
HA,electricity,solar,PV,2055,0.2157
HB,electricity,solar,PV,2055,0.2094
HE,electricity,solar,PV,2055,0.2337
HI,electricity,solar,PV,2055,0.2689
HL,electricity,solar,PV,2055,0.215
HN,electricity,solar,PV,2055,0.2045
JL,electricity,solar,PV,2055,0.2221
JS,electricity,solar,PV,2055,0.2154
JX,electricity,solar,PV,2055,0.2184
LN,electricity,solar,PV,2055,0.2259
NM,electricity,solar,PV,2055,0.2529
NX,electricity,solar,PV,2055,0.2665
QH,electricity,solar,PV,2055,0.3241
SC,electricity,solar,PV,2055,0.2396
SD,electricity,solar,PV,2055,0.2221
SH,electricity,solar,PV,2055,0.2094
SN,electricity,solar,PV,2055,0.2376
SX,electricity,solar,PV,2055,0.2453
TJ,electricity,solar,PV,2055,0.2238
XJ,electricity,solar,PV,2055,0.2401
XZ,electricity,solar,PV,2055,0.3844
YN,electricity,solar,PV,2055,0.2981
ZJ,electricity,solar,PV,2055,0.2196
AH,electricity,wind,wind_offshore,2010,0.19
BJ,electricity,solar,PV_storage,2055,0.2322
CQ,electricity,solar,PV_storage,2055,0.1885
FJ,electricity,solar,PV_storage,2055,0.2404
GD,electricity,solar,PV_storage,2055,0.2391
GS,electricity,solar,PV_storage,2055,0.2668
GX,electricity,solar,PV_storage,2055,0.2292
GZ,electricity,solar,PV_storage,2055,0.2318
HA,electricity,solar,PV_storage,2055,0.2157
HB,electricity,solar,PV_storage,2055,0.2094
HE,electricity,solar,PV_storage,2055,0.2337
HI,electricity,solar,PV_storage,2055,0.2689
HL,electricity,solar,PV_storage,2055,0.215
HN,electricity,solar,PV_storage,2055,0.2045
JL,electricity,solar,PV_storage,2055,0.2221
JS,electricity,solar,PV_storage,2055,0.2154
JX,electricity,solar,PV_storage,2055,0.2184
LN,electricity,solar,PV_storage,2055,0.2259
NM,electricity,solar,PV_storage,2055,0.2529
NX,electricity,solar,PV_storage,2055,0.2665
QH,electricity,solar,PV_storage,2055,0.3241
SC,electricity,solar,PV_storage,2055,0.2396
SD,electricity,solar,PV_storage,2055,0.2221
SH,electricity,solar,PV_storage,2055,0.2094
SN,electricity,solar,PV_storage,2055,0.2376
SX,electricity,solar,PV_storage,2055,0.2453
TJ,electricity,solar,PV_storage,2055,0.2238
XJ,electricity,solar,PV_storage,2055,0.2401
XZ,electricity,solar,PV_storage,2055,0.3844
YN,electricity,solar,PV_storage,2055,0.2981
ZJ,electricity,solar,PV_storage,2055,0.2196
AH,electricity,wind,wind_offshore,2015,0.19
BJ,electricity,solar,PV,2060,0.2322
CQ,electricity,solar,PV,2060,0.1885
FJ,electricity,solar,PV,2060,0.2404
GD,electricity,solar,PV,2060,0.2391
GS,electricity,solar,PV,2060,0.2668
GX,electricity,solar,PV,2060,0.2292
GZ,electricity,solar,PV,2060,0.2318
HA,electricity,solar,PV,2060,0.2157
HB,electricity,solar,PV,2060,0.2094
HE,electricity,solar,PV,2060,0.2337
HI,electricity,solar,PV,2060,0.2689
HL,electricity,solar,PV,2060,0.215
HN,electricity,solar,PV,2060,0.2045
JL,electricity,solar,PV,2060,0.2221
JS,electricity,solar,PV,2060,0.2154
JX,electricity,solar,PV,2060,0.2184
LN,electricity,solar,PV,2060,0.2259
NM,electricity,solar,PV,2060,0.2529
NX,electricity,solar,PV,2060,0.2665
QH,electricity,solar,PV,2060,0.3241
SC,electricity,solar,PV,2060,0.2396
SD,electricity,solar,PV,2060,0.2221
SH,electricity,solar,PV,2060,0.2094
SN,electricity,solar,PV,2060,0.2376
SX,electricity,solar,PV,2060,0.2453
TJ,electricity,solar,PV,2060,0.2238
XJ,electricity,solar,PV,2060,0.2401
XZ,electricity,solar,PV,2060,0.3844
YN,electricity,solar,PV,2060,0.2981
ZJ,electricity,solar,PV,2060,0.2196
AH,electricity,wind,wind_offshore,2020,0.19
BJ,electricity,solar,PV_storage,2060,0.2322
CQ,electricity,solar,PV_storage,2060,0.1885
FJ,electricity,solar,PV_storage,2060,0.2404
GD,electricity,solar,PV_storage,2060,0.2391
GS,electricity,solar,PV_storage,2060,0.2668
GX,electricity,solar,PV_storage,2060,0.2292
GZ,electricity,solar,PV_storage,2060,0.2318
HA,electricity,solar,PV_storage,2060,0.2157
HB,electricity,solar,PV_storage,2060,0.2094
HE,electricity,solar,PV_storage,2060,0.2337
HI,electricity,solar,PV_storage,2060,0.2689
HL,electricity,solar,PV_storage,2060,0.215
HN,electricity,solar,PV_storage,2060,0.2045
JL,electricity,solar,PV_storage,2060,0.2221
JS,electricity,solar,PV_storage,2060,0.2154
JX,electricity,solar,PV_storage,2060,0.2184
LN,electricity,solar,PV_storage,2060,0.2259
NM,electricity,solar,PV_storage,2060,0.2529
NX,electricity,solar,PV_storage,2060,0.2665
QH,electricity,solar,PV_storage,2060,0.3241
SC,electricity,solar,PV_storage,2060,0.2396
SD,electricity,solar,PV_storage,2060,0.2221
SH,electricity,solar,PV_storage,2060,0.2094
SN,electricity,solar,PV_storage,2060,0.2376
SX,electricity,solar,PV_storage,2060,0.2453
TJ,electricity,solar,PV_storage,2060,0.2238
XJ,electricity,solar,PV_storage,2060,0.2401
XZ,electricity,solar,PV_storage,2060,0.3844
YN,electricity,solar,PV_storage,2060,0.2981
ZJ,electricity,solar,PV_storage,2060,0.2196
AH,electricity,wind,wind_offshore,2025,0.19
BJ,electricity,solar,PV,2065,0.2322
CQ,electricity,solar,PV,2065,0.1885
FJ,electricity,solar,PV,2065,0.2404
GD,electricity,solar,PV,2065,0.2391
GS,electricity,solar,PV,2065,0.2668
GX,electricity,solar,PV,2065,0.2292
GZ,electricity,solar,PV,2065,0.2318
HA,electricity,solar,PV,2065,0.2157
HB,electricity,solar,PV,2065,0.2094
HE,electricity,solar,PV,2065,0.2337
HI,electricity,solar,PV,2065,0.2689
HL,electricity,solar,PV,2065,0.215
HN,electricity,solar,PV,2065,0.2045
JL,electricity,solar,PV,2065,0.2221
JS,electricity,solar,PV,2065,0.2154
JX,electricity,solar,PV,2065,0.2184
LN,electricity,solar,PV,2065,0.2259
NM,electricity,solar,PV,2065,0.2529
NX,electricity,solar,PV,2065,0.2665
QH,electricity,solar,PV,2065,0.3241
SC,electricity,solar,PV,2065,0.2396
SD,electricity,solar,PV,2065,0.2221
SH,electricity,solar,PV,2065,0.2094
SN,electricity,solar,PV,2065,0.2376
SX,electricity,solar,PV,2065,0.2453
TJ,electricity,solar,PV,2065,0.2238
XJ,electricity,solar,PV,2065,0.2401
XZ,electricity,solar,PV,2065,0.3844
YN,electricity,solar,PV,2065,0.2981
ZJ,electricity,solar,PV,2065,0.2196
AH,electricity,wind,wind_offshore,2030,0.19
BJ,electricity,solar,PV_storage,2065,0.2322
CQ,electricity,solar,PV_storage,2065,0.1885
FJ,electricity,solar,PV_storage,2065,0.2404
GD,electricity,solar,PV_storage,2065,0.2391
GS,electricity,solar,PV_storage,2065,0.2668
GX,electricity,solar,PV_storage,2065,0.2292
GZ,electricity,solar,PV_storage,2065,0.2318
HA,electricity,solar,PV_storage,2065,0.2157
HB,electricity,solar,PV_storage,2065,0.2094
HE,electricity,solar,PV_storage,2065,0.2337
HI,electricity,solar,PV_storage,2065,0.2689
HL,electricity,solar,PV_storage,2065,0.215
HN,electricity,solar,PV_storage,2065,0.2045
JL,electricity,solar,PV_storage,2065,0.2221
JS,electricity,solar,PV_storage,2065,0.2154
JX,electricity,solar,PV_storage,2065,0.2184
LN,electricity,solar,PV_storage,2065,0.2259
NM,electricity,solar,PV_storage,2065,0.2529
NX,electricity,solar,PV_storage,2065,0.2665
QH,electricity,solar,PV_storage,2065,0.3241
SC,electricity,solar,PV_storage,2065,0.2396
SD,electricity,solar,PV_storage,2065,0.2221
SH,electricity,solar,PV_storage,2065,0.2094
SN,electricity,solar,PV_storage,2065,0.2376
SX,electricity,solar,PV_storage,2065,0.2453
TJ,electricity,solar,PV_storage,2065,0.2238
XJ,electricity,solar,PV_storage,2065,0.2401
XZ,electricity,solar,PV_storage,2065,0.3844
YN,electricity,solar,PV_storage,2065,0.2981
ZJ,electricity,solar,PV_storage,2065,0.2196
AH,electricity,wind,wind_offshore,2035,0.19
BJ,electricity,solar,PV,2070,0.2322
CQ,electricity,solar,PV,2070,0.1885
FJ,electricity,solar,PV,2070,0.2404
GD,electricity,solar,PV,2070,0.2391
GS,electricity,solar,PV,2070,0.2668
GX,electricity,solar,PV,2070,0.2292
GZ,electricity,solar,PV,2070,0.2318
HA,electricity,solar,PV,2070,0.2157
HB,electricity,solar,PV,2070,0.2094
HE,electricity,solar,PV,2070,0.2337
HI,electricity,solar,PV,2070,0.2689
HL,electricity,solar,PV,2070,0.215
HN,electricity,solar,PV,2070,0.2045
JL,electricity,solar,PV,2070,0.2221
JS,electricity,solar,PV,2070,0.2154
JX,electricity,solar,PV,2070,0.2184
LN,electricity,solar,PV,2070,0.2259
NM,electricity,solar,PV,2070,0.2529
NX,electricity,solar,PV,2070,0.2665
QH,electricity,solar,PV,2070,0.3241
SC,electricity,solar,PV,2070,0.2396
SD,electricity,solar,PV,2070,0.2221
SH,electricity,solar,PV,2070,0.2094
SN,electricity,solar,PV,2070,0.2376
SX,electricity,solar,PV,2070,0.2453
TJ,electricity,solar,PV,2070,0.2238
XJ,electricity,solar,PV,2070,0.2401
XZ,electricity,solar,PV,2070,0.3844
YN,electricity,solar,PV,2070,0.2981
ZJ,electricity,solar,PV,2070,0.2196
AH,electricity,wind,wind_offshore,2040,0.19
BJ,electricity,solar,PV_storage,2070,0.2322
CQ,electricity,solar,PV_storage,2070,0.1885
FJ,electricity,solar,PV_storage,2070,0.2404
GD,electricity,solar,PV_storage,2070,0.2391
GS,electricity,solar,PV_storage,2070,0.2668
GX,electricity,solar,PV_storage,2070,0.2292
GZ,electricity,solar,PV_storage,2070,0.2318
HA,electricity,solar,PV_storage,2070,0.2157
HB,electricity,solar,PV_storage,2070,0.2094
HE,electricity,solar,PV_storage,2070,0.2337
HI,electricity,solar,PV_storage,2070,0.2689
HL,electricity,solar,PV_storage,2070,0.215
HN,electricity,solar,PV_storage,2070,0.2045
JL,electricity,solar,PV_storage,2070,0.2221
JS,electricity,solar,PV_storage,2070,0.2154
JX,electricity,solar,PV_storage,2070,0.2184
LN,electricity,solar,PV_storage,2070,0.2259
NM,electricity,solar,PV_storage,2070,0.2529
NX,electricity,solar,PV_storage,2070,0.2665
QH,electricity,solar,PV_storage,2070,0.3241
SC,electricity,solar,PV_storage,2070,0.2396
SD,electricity,solar,PV_storage,2070,0.2221
SH,electricity,solar,PV_storage,2070,0.2094
SN,electricity,solar,PV_storage,2070,0.2376
SX,electricity,solar,PV_storage,2070,0.2453
TJ,electricity,solar,PV_storage,2070,0.2238
XJ,electricity,solar,PV_storage,2070,0.2401
XZ,electricity,solar,PV_storage,2070,0.3844
YN,electricity,solar,PV_storage,2070,0.2981
ZJ,electricity,solar,PV_storage,2070,0.2196
AH,electricity,wind,wind_offshore,2045,0.19
BJ,electricity,solar,PV,2075,0.2322
CQ,electricity,solar,PV,2075,0.1885
FJ,electricity,solar,PV,2075,0.2404
GD,electricity,solar,PV,2075,0.2391
GS,electricity,solar,PV,2075,0.2668
GX,electricity,solar,PV,2075,0.2292
GZ,electricity,solar,PV,2075,0.2318
HA,electricity,solar,PV,2075,0.2157
HB,electricity,solar,PV,2075,0.2094
HE,electricity,solar,PV,2075,0.2337
HI,electricity,solar,PV,2075,0.2689
HL,electricity,solar,PV,2075,0.215
HN,electricity,solar,PV,2075,0.2045
JL,electricity,solar,PV,2075,0.2221
JS,electricity,solar,PV,2075,0.2154
JX,electricity,solar,PV,2075,0.2184
LN,electricity,solar,PV,2075,0.2259
NM,electricity,solar,PV,2075,0.2529
NX,electricity,solar,PV,2075,0.2665
QH,electricity,solar,PV,2075,0.3241
SC,electricity,solar,PV,2075,0.2396
SD,electricity,solar,PV,2075,0.2221
SH,electricity,solar,PV,2075,0.2094
SN,electricity,solar,PV,2075,0.2376
SX,electricity,solar,PV,2075,0.2453
TJ,electricity,solar,PV,2075,0.2238
XJ,electricity,solar,PV,2075,0.2401
XZ,electricity,solar,PV,2075,0.3844
YN,electricity,solar,PV,2075,0.2981
ZJ,electricity,solar,PV,2075,0.2196
AH,electricity,wind,wind_offshore,2050,0.19
BJ,electricity,solar,PV_storage,2075,0.2322
CQ,electricity,solar,PV_storage,2075,0.1885
FJ,electricity,solar,PV_storage,2075,0.2404
GD,electricity,solar,PV_storage,2075,0.2391
GS,electricity,solar,PV_storage,2075,0.2668
GX,electricity,solar,PV_storage,2075,0.2292
GZ,electricity,solar,PV_storage,2075,0.2318
HA,electricity,solar,PV_storage,2075,0.2157
HB,electricity,solar,PV_storage,2075,0.2094
HE,electricity,solar,PV_storage,2075,0.2337
HI,electricity,solar,PV_storage,2075,0.2689
HL,electricity,solar,PV_storage,2075,0.215
HN,electricity,solar,PV_storage,2075,0.2045
JL,electricity,solar,PV_storage,2075,0.2221
JS,electricity,solar,PV_storage,2075,0.2154
JX,electricity,solar,PV_storage,2075,0.2184
LN,electricity,solar,PV_storage,2075,0.2259
NM,electricity,solar,PV_storage,2075,0.2529
NX,electricity,solar,PV_storage,2075,0.2665
QH,electricity,solar,PV_storage,2075,0.3241
SC,electricity,solar,PV_storage,2075,0.2396
SD,electricity,solar,PV_storage,2075,0.2221
SH,electricity,solar,PV_storage,2075,0.2094
SN,electricity,solar,PV_storage,2075,0.2376
SX,electricity,solar,PV_storage,2075,0.2453
TJ,electricity,solar,PV_storage,2075,0.2238
XJ,electricity,solar,PV_storage,2075,0.2401
XZ,electricity,solar,PV_storage,2075,0.3844
YN,electricity,solar,PV_storage,2075,0.2981
ZJ,electricity,solar,PV_storage,2075,0.2196
AH,electricity,wind,wind_offshore,2055,0.19
BJ,electricity,solar,PV,2080,0.2322
CQ,electricity,solar,PV,2080,0.1885
FJ,electricity,solar,PV,2080,0.2404
GD,electricity,solar,PV,2080,0.2391
GS,electricity,solar,PV,2080,0.2668
GX,electricity,solar,PV,2080,0.2292
GZ,electricity,solar,PV,2080,0.2318
HA,electricity,solar,PV,2080,0.2157
HB,electricity,solar,PV,2080,0.2094
HE,electricity,solar,PV,2080,0.2337
HI,electricity,solar,PV,2080,0.2689
HL,electricity,solar,PV,2080,0.215
HN,electricity,solar,PV,2080,0.2045
JL,electricity,solar,PV,2080,0.2221
JS,electricity,solar,PV,2080,0.2154
JX,electricity,solar,PV,2080,0.2184
LN,electricity,solar,PV,2080,0.2259
NM,electricity,solar,PV,2080,0.2529
NX,electricity,solar,PV,2080,0.2665
QH,electricity,solar,PV,2080,0.3241
SC,electricity,solar,PV,2080,0.2396
SD,electricity,solar,PV,2080,0.2221
SH,electricity,solar,PV,2080,0.2094
SN,electricity,solar,PV,2080,0.2376
SX,electricity,solar,PV,2080,0.2453
TJ,electricity,solar,PV,2080,0.2238
XJ,electricity,solar,PV,2080,0.2401
XZ,electricity,solar,PV,2080,0.3844
YN,electricity,solar,PV,2080,0.2981
ZJ,electricity,solar,PV,2080,0.2196
AH,electricity,wind,wind_offshore,2060,0.19
BJ,electricity,solar,PV_storage,2080,0.2322
CQ,electricity,solar,PV_storage,2080,0.1885
FJ,electricity,solar,PV_storage,2080,0.2404
GD,electricity,solar,PV_storage,2080,0.2391
GS,electricity,solar,PV_storage,2080,0.2668
GX,electricity,solar,PV_storage,2080,0.2292
GZ,electricity,solar,PV_storage,2080,0.2318
HA,electricity,solar,PV_storage,2080,0.2157
HB,electricity,solar,PV_storage,2080,0.2094
HE,electricity,solar,PV_storage,2080,0.2337
HI,electricity,solar,PV_storage,2080,0.2689
HL,electricity,solar,PV_storage,2080,0.215
HN,electricity,solar,PV_storage,2080,0.2045
JL,electricity,solar,PV_storage,2080,0.2221
JS,electricity,solar,PV_storage,2080,0.2154
JX,electricity,solar,PV_storage,2080,0.2184
LN,electricity,solar,PV_storage,2080,0.2259
NM,electricity,solar,PV_storage,2080,0.2529
NX,electricity,solar,PV_storage,2080,0.2665
QH,electricity,solar,PV_storage,2080,0.3241
SC,electricity,solar,PV_storage,2080,0.2396
SD,electricity,solar,PV_storage,2080,0.2221
SH,electricity,solar,PV_storage,2080,0.2094
SN,electricity,solar,PV_storage,2080,0.2376
SX,electricity,solar,PV_storage,2080,0.2453
TJ,electricity,solar,PV_storage,2080,0.2238
XJ,electricity,solar,PV_storage,2080,0.2401
XZ,electricity,solar,PV_storage,2080,0.3844
YN,electricity,solar,PV_storage,2080,0.2981
ZJ,electricity,solar,PV_storage,2080,0.2196
AH,electricity,wind,wind_offshore,2065,0.19
BJ,electricity,solar,PV,2085,0.2322
CQ,electricity,solar,PV,2085,0.1885
FJ,electricity,solar,PV,2085,0.2404
GD,electricity,solar,PV,2085,0.2391
GS,electricity,solar,PV,2085,0.2668
GX,electricity,solar,PV,2085,0.2292
GZ,electricity,solar,PV,2085,0.2318
HA,electricity,solar,PV,2085,0.2157
HB,electricity,solar,PV,2085,0.2094
HE,electricity,solar,PV,2085,0.2337
HI,electricity,solar,PV,2085,0.2689
HL,electricity,solar,PV,2085,0.215
HN,electricity,solar,PV,2085,0.2045
JL,electricity,solar,PV,2085,0.2221
JS,electricity,solar,PV,2085,0.2154
JX,electricity,solar,PV,2085,0.2184
LN,electricity,solar,PV,2085,0.2259
NM,electricity,solar,PV,2085,0.2529
NX,electricity,solar,PV,2085,0.2665
QH,electricity,solar,PV,2085,0.3241
SC,electricity,solar,PV,2085,0.2396
SD,electricity,solar,PV,2085,0.2221
SH,electricity,solar,PV,2085,0.2094
SN,electricity,solar,PV,2085,0.2376
SX,electricity,solar,PV,2085,0.2453
TJ,electricity,solar,PV,2085,0.2238
XJ,electricity,solar,PV,2085,0.2401
XZ,electricity,solar,PV,2085,0.3844
YN,electricity,solar,PV,2085,0.2981
ZJ,electricity,solar,PV,2085,0.2196
AH,electricity,wind,wind_offshore,2070,0.19
BJ,electricity,solar,PV_storage,2085,0.2322
CQ,electricity,solar,PV_storage,2085,0.1885
FJ,electricity,solar,PV_storage,2085,0.2404
GD,electricity,solar,PV_storage,2085,0.2391
GS,electricity,solar,PV_storage,2085,0.2668
GX,electricity,solar,PV_storage,2085,0.2292
GZ,electricity,solar,PV_storage,2085,0.2318
HA,electricity,solar,PV_storage,2085,0.2157
HB,electricity,solar,PV_storage,2085,0.2094
HE,electricity,solar,PV_storage,2085,0.2337
HI,electricity,solar,PV_storage,2085,0.2689
HL,electricity,solar,PV_storage,2085,0.215
HN,electricity,solar,PV_storage,2085,0.2045
JL,electricity,solar,PV_storage,2085,0.2221
JS,electricity,solar,PV_storage,2085,0.2154
JX,electricity,solar,PV_storage,2085,0.2184
LN,electricity,solar,PV_storage,2085,0.2259
NM,electricity,solar,PV_storage,2085,0.2529
NX,electricity,solar,PV_storage,2085,0.2665
QH,electricity,solar,PV_storage,2085,0.3241
SC,electricity,solar,PV_storage,2085,0.2396
SD,electricity,solar,PV_storage,2085,0.2221
SH,electricity,solar,PV_storage,2085,0.2094
SN,electricity,solar,PV_storage,2085,0.2376
SX,electricity,solar,PV_storage,2085,0.2453
TJ,electricity,solar,PV_storage,2085,0.2238
XJ,electricity,solar,PV_storage,2085,0.2401
XZ,electricity,solar,PV_storage,2085,0.3844
YN,electricity,solar,PV_storage,2085,0.2981
ZJ,electricity,solar,PV_storage,2085,0.2196
AH,electricity,wind,wind_offshore,2075,0.19
BJ,electricity,solar,PV,2090,0.2322
CQ,electricity,solar,PV,2090,0.1885
FJ,electricity,solar,PV,2090,0.2404
GD,electricity,solar,PV,2090,0.2391
GS,electricity,solar,PV,2090,0.2668
GX,electricity,solar,PV,2090,0.2292
GZ,electricity,solar,PV,2090,0.2318
HA,electricity,solar,PV,2090,0.2157
HB,electricity,solar,PV,2090,0.2094
HE,electricity,solar,PV,2090,0.2337
HI,electricity,solar,PV,2090,0.2689
HL,electricity,solar,PV,2090,0.215
HN,electricity,solar,PV,2090,0.2045
JL,electricity,solar,PV,2090,0.2221
JS,electricity,solar,PV,2090,0.2154
JX,electricity,solar,PV,2090,0.2184
LN,electricity,solar,PV,2090,0.2259
NM,electricity,solar,PV,2090,0.2529
NX,electricity,solar,PV,2090,0.2665
QH,electricity,solar,PV,2090,0.3241
SC,electricity,solar,PV,2090,0.2396
SD,electricity,solar,PV,2090,0.2221
SH,electricity,solar,PV,2090,0.2094
SN,electricity,solar,PV,2090,0.2376
SX,electricity,solar,PV,2090,0.2453
TJ,electricity,solar,PV,2090,0.2238
XJ,electricity,solar,PV,2090,0.2401
XZ,electricity,solar,PV,2090,0.3844
YN,electricity,solar,PV,2090,0.2981
ZJ,electricity,solar,PV,2090,0.2196
AH,electricity,wind,wind_offshore,2080,0.19
BJ,electricity,solar,PV_storage,2090,0.2322
CQ,electricity,solar,PV_storage,2090,0.1885
FJ,electricity,solar,PV_storage,2090,0.2404
GD,electricity,solar,PV_storage,2090,0.2391
GS,electricity,solar,PV_storage,2090,0.2668
GX,electricity,solar,PV_storage,2090,0.2292
GZ,electricity,solar,PV_storage,2090,0.2318
HA,electricity,solar,PV_storage,2090,0.2157
HB,electricity,solar,PV_storage,2090,0.2094
HE,electricity,solar,PV_storage,2090,0.2337
HI,electricity,solar,PV_storage,2090,0.2689
HL,electricity,solar,PV_storage,2090,0.215
HN,electricity,solar,PV_storage,2090,0.2045
JL,electricity,solar,PV_storage,2090,0.2221
JS,electricity,solar,PV_storage,2090,0.2154
JX,electricity,solar,PV_storage,2090,0.2184
LN,electricity,solar,PV_storage,2090,0.2259
NM,electricity,solar,PV_storage,2090,0.2529
NX,electricity,solar,PV_storage,2090,0.2665
QH,electricity,solar,PV_storage,2090,0.3241
SC,electricity,solar,PV_storage,2090,0.2396
SD,electricity,solar,PV_storage,2090,0.2221
SH,electricity,solar,PV_storage,2090,0.2094
SN,electricity,solar,PV_storage,2090,0.2376
SX,electricity,solar,PV_storage,2090,0.2453
TJ,electricity,solar,PV_storage,2090,0.2238
XJ,electricity,solar,PV_storage,2090,0.2401
XZ,electricity,solar,PV_storage,2090,0.3844
YN,electricity,solar,PV_storage,2090,0.2981
ZJ,electricity,solar,PV_storage,2090,0.2196
AH,electricity,wind,wind_offshore,2085,0.19
BJ,electricity,solar,PV,2095,0.2322
CQ,electricity,solar,PV,2095,0.1885
FJ,electricity,solar,PV,2095,0.2404
GD,electricity,solar,PV,2095,0.2391
GS,electricity,solar,PV,2095,0.2668
GX,electricity,solar,PV,2095,0.2292
GZ,electricity,solar,PV,2095,0.2318
HA,electricity,solar,PV,2095,0.2157
HB,electricity,solar,PV,2095,0.2094
HE,electricity,solar,PV,2095,0.2337
HI,electricity,solar,PV,2095,0.2689
HL,electricity,solar,PV,2095,0.215
HN,electricity,solar,PV,2095,0.2045
JL,electricity,solar,PV,2095,0.2221
JS,electricity,solar,PV,2095,0.2154
JX,electricity,solar,PV,2095,0.2184
LN,electricity,solar,PV,2095,0.2259
NM,electricity,solar,PV,2095,0.2529
NX,electricity,solar,PV,2095,0.2665
QH,electricity,solar,PV,2095,0.3241
SC,electricity,solar,PV,2095,0.2396
SD,electricity,solar,PV,2095,0.2221
SH,electricity,solar,PV,2095,0.2094
SN,electricity,solar,PV,2095,0.2376
SX,electricity,solar,PV,2095,0.2453
TJ,electricity,solar,PV,2095,0.2238
XJ,electricity,solar,PV,2095,0.2401
XZ,electricity,solar,PV,2095,0.3844
YN,electricity,solar,PV,2095,0.2981
ZJ,electricity,solar,PV,2095,0.2196
AH,electricity,wind,wind_offshore,2090,0.19
BJ,electricity,solar,PV_storage,2095,0.2322
CQ,electricity,solar,PV_storage,2095,0.1885
FJ,electricity,solar,PV_storage,2095,0.2404
GD,electricity,solar,PV_storage,2095,0.2391
GS,electricity,solar,PV_storage,2095,0.2668
GX,electricity,solar,PV_storage,2095,0.2292
GZ,electricity,solar,PV_storage,2095,0.2318
HA,electricity,solar,PV_storage,2095,0.2157
HB,electricity,solar,PV_storage,2095,0.2094
HE,electricity,solar,PV_storage,2095,0.2337
HI,electricity,solar,PV_storage,2095,0.2689
HL,electricity,solar,PV_storage,2095,0.215
HN,electricity,solar,PV_storage,2095,0.2045
JL,electricity,solar,PV_storage,2095,0.2221
JS,electricity,solar,PV_storage,2095,0.2154
JX,electricity,solar,PV_storage,2095,0.2184
LN,electricity,solar,PV_storage,2095,0.2259
NM,electricity,solar,PV_storage,2095,0.2529
NX,electricity,solar,PV_storage,2095,0.2665
QH,electricity,solar,PV_storage,2095,0.3241
SC,electricity,solar,PV_storage,2095,0.2396
SD,electricity,solar,PV_storage,2095,0.2221
SH,electricity,solar,PV_storage,2095,0.2094
SN,electricity,solar,PV_storage,2095,0.2376
SX,electricity,solar,PV_storage,2095,0.2453
TJ,electricity,solar,PV_storage,2095,0.2238
XJ,electricity,solar,PV_storage,2095,0.2401
XZ,electricity,solar,PV_storage,2095,0.3844
YN,electricity,solar,PV_storage,2095,0.2981
ZJ,electricity,solar,PV_storage,2095,0.2196
AH,electricity,wind,wind_offshore,2095,0.19
BJ,electricity,solar,PV,2100,0.2322
CQ,electricity,solar,PV,2100,0.1885
FJ,electricity,solar,PV,2100,0.2404
GD,electricity,solar,PV,2100,0.2391
GS,electricity,solar,PV,2100,0.2668
GX,electricity,solar,PV,2100,0.2292
GZ,electricity,solar,PV,2100,0.2318
HA,electricity,solar,PV,2100,0.2157
HB,electricity,solar,PV,2100,0.2094
HE,electricity,solar,PV,2100,0.2337
HI,electricity,solar,PV,2100,0.2689
HL,electricity,solar,PV,2100,0.215
HN,electricity,solar,PV,2100,0.2045
JL,electricity,solar,PV,2100,0.2221
JS,electricity,solar,PV,2100,0.2154
JX,electricity,solar,PV,2100,0.2184
LN,electricity,solar,PV,2100,0.2259
NM,electricity,solar,PV,2100,0.2529
NX,electricity,solar,PV,2100,0.2665
QH,electricity,solar,PV,2100,0.3241
SC,electricity,solar,PV,2100,0.2396
SD,electricity,solar,PV,2100,0.2221
SH,electricity,solar,PV,2100,0.2094
SN,electricity,solar,PV,2100,0.2376
SX,electricity,solar,PV,2100,0.2453
TJ,electricity,solar,PV,2100,0.2238
XJ,electricity,solar,PV,2100,0.2401
XZ,electricity,solar,PV,2100,0.3844
YN,electricity,solar,PV,2100,0.2981
ZJ,electricity,solar,PV,2100,0.2196
AH,electricity,wind,wind_offshore,2100,0.19
BJ,electricity,solar,PV_storage,2100,0.2322
CQ,electricity,solar,PV_storage,2100,0.1885
FJ,electricity,solar,PV_storage,2100,0.2404
GD,electricity,solar,PV_storage,2100,0.2391
GS,electricity,solar,PV_storage,2100,0.2668
GX,electricity,solar,PV_storage,2100,0.2292
GZ,electricity,solar,PV_storage,2100,0.2318
HA,electricity,solar,PV_storage,2100,0.2157
HB,electricity,solar,PV_storage,2100,0.2094
HE,electricity,solar,PV_storage,2100,0.2337
HI,electricity,solar,PV_storage,2100,0.2689
HL,electricity,solar,PV_storage,2100,0.215
HN,electricity,solar,PV_storage,2100,0.2045
JL,electricity,solar,PV_storage,2100,0.2221
JS,electricity,solar,PV_storage,2100,0.2154
JX,electricity,solar,PV_storage,2100,0.2184
LN,electricity,solar,PV_storage,2100,0.2259
NM,electricity,solar,PV_storage,2100,0.2529
NX,electricity,solar,PV_storage,2100,0.2665
QH,electricity,solar,PV_storage,2100,0.3241
SC,electricity,solar,PV_storage,2100,0.2396
SD,electricity,solar,PV_storage,2100,0.2221
SH,electricity,solar,PV_storage,2100,0.2094
SN,electricity,solar,PV_storage,2100,0.2376
SX,electricity,solar,PV_storage,2100,0.2453
TJ,electricity,solar,PV_storage,2100,0.2238
XJ,electricity,solar,PV_storage,2100,0.2401
XZ,electricity,solar,PV_storage,2100,0.3844
YN,electricity,solar,PV_storage,2100,0.2981
ZJ,electricity,solar,PV_storage,2100,0.2196
AH,electricity,wind,wind,1975,0.19
BJ,electricity,solar,CSP,1975,0.2896
CQ,electricity,solar,CSP,1975,0.1257
FJ,electricity,solar,CSP,1975,0.1909
GD,electricity,solar,CSP,1975,0.1699
GS,electricity,solar,CSP,1975,0.3518
GX,electricity,solar,CSP,1975,0.1619
GZ,electricity,solar,CSP,1975,0.1825
HA,electricity,solar,CSP,1975,0.1938
HB,electricity,solar,CSP,1975,0.1596
HE,electricity,solar,CSP,1975,0.2888
HI,electricity,solar,CSP,1975,0.2357
HL,electricity,solar,CSP,1975,0.2439
HN,electricity,solar,CSP,1975,0.1471
JL,electricity,solar,CSP,1975,0.2365
JS,electricity,solar,CSP,1975,0.2064
JX,electricity,solar,CSP,1975,0.1761
LN,electricity,solar,CSP,1975,0.2531
NM,electricity,solar,CSP,1975,0.3481
NX,electricity,solar,CSP,1975,0.343
QH,electricity,solar,CSP,1975,0.4579
SC,electricity,solar,CSP,1975,0.212
SD,electricity,solar,CSP,1975,0.2404
SH,electricity,solar,CSP,1975,0.1953
SN,electricity,solar,CSP,1975,0.2554
SX,electricity,solar,CSP,1975,0.3119
TJ,electricity,solar,CSP,1975,0.261
XJ,electricity,solar,CSP,1975,0.3255
XZ,electricity,solar,CSP,1975,0.5759
YN,electricity,solar,CSP,1975,0.3269
ZJ,electricity,solar,CSP,1975,0.1933
AH,electricity,wind,wind,1990,0.19
BJ,electricity,solar,CSP_storage,1975,0.5756
CQ,electricity,solar,CSP_storage,1975,0.2498
FJ,electricity,solar,CSP_storage,1975,0.3795
GD,electricity,solar,CSP_storage,1975,0.3376
GS,electricity,solar,CSP_storage,1975,0.6991
GX,electricity,solar,CSP_storage,1975,0.3218
GZ,electricity,solar,CSP_storage,1975,0.3627
HA,electricity,solar,CSP_storage,1975,0.3851
HB,electricity,solar,CSP_storage,1975,0.3171
HE,electricity,solar,CSP_storage,1975,0.5741
HI,electricity,solar,CSP_storage,1975,0.4686
HL,electricity,solar,CSP_storage,1975,0.4847
HN,electricity,solar,CSP_storage,1975,0.2923
JL,electricity,solar,CSP_storage,1975,0.4701
JS,electricity,solar,CSP_storage,1975,0.4102
JX,electricity,solar,CSP_storage,1975,0.35
LN,electricity,solar,CSP_storage,1975,0.503
NM,electricity,solar,CSP_storage,1975,0.6918
NX,electricity,solar,CSP_storage,1975,0.6817
QH,electricity,solar,CSP_storage,1975,0.9101
SC,electricity,solar,CSP_storage,1975,0.4214
SD,electricity,solar,CSP_storage,1975,0.4779
SH,electricity,solar,CSP_storage,1975,0.3882
SN,electricity,solar,CSP_storage,1975,0.5077
SX,electricity,solar,CSP_storage,1975,0.62
TJ,electricity,solar,CSP_storage,1975,0.5188
XJ,electricity,solar,CSP_storage,1975,0.647
XZ,electricity,solar,CSP_storage,1975,1.1447
YN,electricity,solar,CSP_storage,1975,0.6498
ZJ,electricity,solar,CSP_storage,1975,0.3842
AH,electricity,wind,wind,2005,0.19
BJ,electricity,solar,CSP,1990,0.2896
CQ,electricity,solar,CSP,1990,0.1257
FJ,electricity,solar,CSP,1990,0.1909
GD,electricity,solar,CSP,1990,0.1699
GS,electricity,solar,CSP,1990,0.3518
GX,electricity,solar,CSP,1990,0.1619
GZ,electricity,solar,CSP,1990,0.1825
HA,electricity,solar,CSP,1990,0.1938
HB,electricity,solar,CSP,1990,0.1596
HE,electricity,solar,CSP,1990,0.2888
HI,electricity,solar,CSP,1990,0.2357
HL,electricity,solar,CSP,1990,0.2439
HN,electricity,solar,CSP,1990,0.1471
JL,electricity,solar,CSP,1990,0.2365
JS,electricity,solar,CSP,1990,0.2064
JX,electricity,solar,CSP,1990,0.1761
LN,electricity,solar,CSP,1990,0.2531
NM,electricity,solar,CSP,1990,0.3481
NX,electricity,solar,CSP,1990,0.343
QH,electricity,solar,CSP,1990,0.4579
SC,electricity,solar,CSP,1990,0.212
SD,electricity,solar,CSP,1990,0.2404
SH,electricity,solar,CSP,1990,0.1953
SN,electricity,solar,CSP,1990,0.2554
SX,electricity,solar,CSP,1990,0.3119
TJ,electricity,solar,CSP,1990,0.261
XJ,electricity,solar,CSP,1990,0.3255
XZ,electricity,solar,CSP,1990,0.5759
YN,electricity,solar,CSP,1990,0.3269
ZJ,electricity,solar,CSP,1990,0.1933
AH,electricity,wind,wind,2010,0.19
BJ,electricity,solar,CSP_storage,1990,0.5756
CQ,electricity,solar,CSP_storage,1990,0.2498
FJ,electricity,solar,CSP_storage,1990,0.3795
GD,electricity,solar,CSP_storage,1990,0.3376
GS,electricity,solar,CSP_storage,1990,0.6991
GX,electricity,solar,CSP_storage,1990,0.3218
GZ,electricity,solar,CSP_storage,1990,0.3627
HA,electricity,solar,CSP_storage,1990,0.3851
HB,electricity,solar,CSP_storage,1990,0.3171
HE,electricity,solar,CSP_storage,1990,0.5741
HI,electricity,solar,CSP_storage,1990,0.4686
HL,electricity,solar,CSP_storage,1990,0.4847
HN,electricity,solar,CSP_storage,1990,0.2923
JL,electricity,solar,CSP_storage,1990,0.4701
JS,electricity,solar,CSP_storage,1990,0.4102
JX,electricity,solar,CSP_storage,1990,0.35
LN,electricity,solar,CSP_storage,1990,0.503
NM,electricity,solar,CSP_storage,1990,0.6918
NX,electricity,solar,CSP_storage,1990,0.6817
QH,electricity,solar,CSP_storage,1990,0.9101
SC,electricity,solar,CSP_storage,1990,0.4214
SD,electricity,solar,CSP_storage,1990,0.4779
SH,electricity,solar,CSP_storage,1990,0.3882
SN,electricity,solar,CSP_storage,1990,0.5077
SX,electricity,solar,CSP_storage,1990,0.62
TJ,electricity,solar,CSP_storage,1990,0.5188
XJ,electricity,solar,CSP_storage,1990,0.647
XZ,electricity,solar,CSP_storage,1990,1.1447
YN,electricity,solar,CSP_storage,1990,0.6498
ZJ,electricity,solar,CSP_storage,1990,0.3842
AH,electricity,wind,wind,2015,0.19
BJ,electricity,solar,CSP,2005,0.2896
CQ,electricity,solar,CSP,2005,0.1257
FJ,electricity,solar,CSP,2005,0.1909
GD,electricity,solar,CSP,2005,0.1699
GS,electricity,solar,CSP,2005,0.3518
GX,electricity,solar,CSP,2005,0.1619
GZ,electricity,solar,CSP,2005,0.1825
HA,electricity,solar,CSP,2005,0.1938
HB,electricity,solar,CSP,2005,0.1596
HE,electricity,solar,CSP,2005,0.2888
HI,electricity,solar,CSP,2005,0.2357
HL,electricity,solar,CSP,2005,0.2439
HN,electricity,solar,CSP,2005,0.1471
JL,electricity,solar,CSP,2005,0.2365
JS,electricity,solar,CSP,2005,0.2064
JX,electricity,solar,CSP,2005,0.1761
LN,electricity,solar,CSP,2005,0.2531
NM,electricity,solar,CSP,2005,0.3481
NX,electricity,solar,CSP,2005,0.343
QH,electricity,solar,CSP,2005,0.4579
SC,electricity,solar,CSP,2005,0.212
SD,electricity,solar,CSP,2005,0.2404
SH,electricity,solar,CSP,2005,0.1953
SN,electricity,solar,CSP,2005,0.2554
SX,electricity,solar,CSP,2005,0.3119
TJ,electricity,solar,CSP,2005,0.261
XJ,electricity,solar,CSP,2005,0.3255
XZ,electricity,solar,CSP,2005,0.5759
YN,electricity,solar,CSP,2005,0.3269
ZJ,electricity,solar,CSP,2005,0.1933
AH,electricity,wind,wind,2020,0.19
BJ,electricity,solar,CSP_storage,2005,0.5756
CQ,electricity,solar,CSP_storage,2005,0.2498
FJ,electricity,solar,CSP_storage,2005,0.3795
GD,electricity,solar,CSP_storage,2005,0.3376
GS,electricity,solar,CSP_storage,2005,0.6991
GX,electricity,solar,CSP_storage,2005,0.3218
GZ,electricity,solar,CSP_storage,2005,0.3627
HA,electricity,solar,CSP_storage,2005,0.3851
HB,electricity,solar,CSP_storage,2005,0.3171
HE,electricity,solar,CSP_storage,2005,0.5741
HI,electricity,solar,CSP_storage,2005,0.4686
HL,electricity,solar,CSP_storage,2005,0.4847
HN,electricity,solar,CSP_storage,2005,0.2923
JL,electricity,solar,CSP_storage,2005,0.4701
JS,electricity,solar,CSP_storage,2005,0.4102
JX,electricity,solar,CSP_storage,2005,0.35
LN,electricity,solar,CSP_storage,2005,0.503
NM,electricity,solar,CSP_storage,2005,0.6918
NX,electricity,solar,CSP_storage,2005,0.6817
QH,electricity,solar,CSP_storage,2005,0.9101
SC,electricity,solar,CSP_storage,2005,0.4214
SD,electricity,solar,CSP_storage,2005,0.4779
SH,electricity,solar,CSP_storage,2005,0.3882
SN,electricity,solar,CSP_storage,2005,0.5077
SX,electricity,solar,CSP_storage,2005,0.62
TJ,electricity,solar,CSP_storage,2005,0.5188
XJ,electricity,solar,CSP_storage,2005,0.647
XZ,electricity,solar,CSP_storage,2005,1.1447
YN,electricity,solar,CSP_storage,2005,0.6498
ZJ,electricity,solar,CSP_storage,2005,0.3842
AH,electricity,wind,wind,2025,0.19
BJ,electricity,solar,CSP,2010,0.2896
CQ,electricity,solar,CSP,2010,0.1257
FJ,electricity,solar,CSP,2010,0.1909
GD,electricity,solar,CSP,2010,0.1699
GS,electricity,solar,CSP,2010,0.3518
GX,electricity,solar,CSP,2010,0.1619
GZ,electricity,solar,CSP,2010,0.1825
HA,electricity,solar,CSP,2010,0.1938
HB,electricity,solar,CSP,2010,0.1596
HE,electricity,solar,CSP,2010,0.2888
HI,electricity,solar,CSP,2010,0.2357
HL,electricity,solar,CSP,2010,0.2439
HN,electricity,solar,CSP,2010,0.1471
JL,electricity,solar,CSP,2010,0.2365
JS,electricity,solar,CSP,2010,0.2064
JX,electricity,solar,CSP,2010,0.1761
LN,electricity,solar,CSP,2010,0.2531
NM,electricity,solar,CSP,2010,0.3481
NX,electricity,solar,CSP,2010,0.343
QH,electricity,solar,CSP,2010,0.4579
SC,electricity,solar,CSP,2010,0.212
SD,electricity,solar,CSP,2010,0.2404
SH,electricity,solar,CSP,2010,0.1953
SN,electricity,solar,CSP,2010,0.2554
SX,electricity,solar,CSP,2010,0.3119
TJ,electricity,solar,CSP,2010,0.261
XJ,electricity,solar,CSP,2010,0.3255
XZ,electricity,solar,CSP,2010,0.5759
YN,electricity,solar,CSP,2010,0.3269
ZJ,electricity,solar,CSP,2010,0.1933
AH,electricity,wind,wind,2030,0.19
BJ,electricity,solar,CSP_storage,2010,0.5756
CQ,electricity,solar,CSP_storage,2010,0.2498
FJ,electricity,solar,CSP_storage,2010,0.3795
GD,electricity,solar,CSP_storage,2010,0.3376
GS,electricity,solar,CSP_storage,2010,0.6991
GX,electricity,solar,CSP_storage,2010,0.3218
GZ,electricity,solar,CSP_storage,2010,0.3627
HA,electricity,solar,CSP_storage,2010,0.3851
HB,electricity,solar,CSP_storage,2010,0.3171
HE,electricity,solar,CSP_storage,2010,0.5741
HI,electricity,solar,CSP_storage,2010,0.4686
HL,electricity,solar,CSP_storage,2010,0.4847
HN,electricity,solar,CSP_storage,2010,0.2923
JL,electricity,solar,CSP_storage,2010,0.4701
JS,electricity,solar,CSP_storage,2010,0.4102
JX,electricity,solar,CSP_storage,2010,0.35
LN,electricity,solar,CSP_storage,2010,0.503
NM,electricity,solar,CSP_storage,2010,0.6918
NX,electricity,solar,CSP_storage,2010,0.6817
QH,electricity,solar,CSP_storage,2010,0.9101
SC,electricity,solar,CSP_storage,2010,0.4214
SD,electricity,solar,CSP_storage,2010,0.4779
SH,electricity,solar,CSP_storage,2010,0.3882
SN,electricity,solar,CSP_storage,2010,0.5077
SX,electricity,solar,CSP_storage,2010,0.62
TJ,electricity,solar,CSP_storage,2010,0.5188
XJ,electricity,solar,CSP_storage,2010,0.647
XZ,electricity,solar,CSP_storage,2010,1.1447
YN,electricity,solar,CSP_storage,2010,0.6498
ZJ,electricity,solar,CSP_storage,2010,0.3842
AH,electricity,wind,wind,2035,0.19
BJ,electricity,solar,CSP,2015,0.2896
CQ,electricity,solar,CSP,2015,0.1257
FJ,electricity,solar,CSP,2015,0.1909
GD,electricity,solar,CSP,2015,0.1699
GS,electricity,solar,CSP,2015,0.3518
GX,electricity,solar,CSP,2015,0.1619
GZ,electricity,solar,CSP,2015,0.1825
HA,electricity,solar,CSP,2015,0.1938
HB,electricity,solar,CSP,2015,0.1596
HE,electricity,solar,CSP,2015,0.2888
HI,electricity,solar,CSP,2015,0.2357
HL,electricity,solar,CSP,2015,0.2439
HN,electricity,solar,CSP,2015,0.1471
JL,electricity,solar,CSP,2015,0.2365
JS,electricity,solar,CSP,2015,0.2064
JX,electricity,solar,CSP,2015,0.1761
LN,electricity,solar,CSP,2015,0.2531
NM,electricity,solar,CSP,2015,0.3481
NX,electricity,solar,CSP,2015,0.343
QH,electricity,solar,CSP,2015,0.4579
SC,electricity,solar,CSP,2015,0.212
SD,electricity,solar,CSP,2015,0.2404
SH,electricity,solar,CSP,2015,0.1953
SN,electricity,solar,CSP,2015,0.2554
SX,electricity,solar,CSP,2015,0.3119
TJ,electricity,solar,CSP,2015,0.261
XJ,electricity,solar,CSP,2015,0.3255
XZ,electricity,solar,CSP,2015,0.5759
YN,electricity,solar,CSP,2015,0.3269
ZJ,electricity,solar,CSP,2015,0.1933
AH,electricity,wind,wind,2040,0.19
BJ,electricity,solar,CSP_storage,2015,0.5756
CQ,electricity,solar,CSP_storage,2015,0.2498
FJ,electricity,solar,CSP_storage,2015,0.3795
GD,electricity,solar,CSP_storage,2015,0.3376
GS,electricity,solar,CSP_storage,2015,0.6991
GX,electricity,solar,CSP_storage,2015,0.3218
GZ,electricity,solar,CSP_storage,2015,0.3627
HA,electricity,solar,CSP_storage,2015,0.3851
HB,electricity,solar,CSP_storage,2015,0.3171
HE,electricity,solar,CSP_storage,2015,0.5741
HI,electricity,solar,CSP_storage,2015,0.4686
HL,electricity,solar,CSP_storage,2015,0.4847
HN,electricity,solar,CSP_storage,2015,0.2923
JL,electricity,solar,CSP_storage,2015,0.4701
JS,electricity,solar,CSP_storage,2015,0.4102
JX,electricity,solar,CSP_storage,2015,0.35
LN,electricity,solar,CSP_storage,2015,0.503
NM,electricity,solar,CSP_storage,2015,0.6918
NX,electricity,solar,CSP_storage,2015,0.6817
QH,electricity,solar,CSP_storage,2015,0.9101
SC,electricity,solar,CSP_storage,2015,0.4214
SD,electricity,solar,CSP_storage,2015,0.4779
SH,electricity,solar,CSP_storage,2015,0.3882
SN,electricity,solar,CSP_storage,2015,0.5077
SX,electricity,solar,CSP_storage,2015,0.62
TJ,electricity,solar,CSP_storage,2015,0.5188
XJ,electricity,solar,CSP_storage,2015,0.647
XZ,electricity,solar,CSP_storage,2015,1.1447
YN,electricity,solar,CSP_storage,2015,0.6498
ZJ,electricity,solar,CSP_storage,2015,0.3842
AH,electricity,wind,wind,2045,0.19
BJ,electricity,solar,CSP,2020,0.2896
CQ,electricity,solar,CSP,2020,0.1257
FJ,electricity,solar,CSP,2020,0.1909
GD,electricity,solar,CSP,2020,0.1699
GS,electricity,solar,CSP,2020,0.3518
GX,electricity,solar,CSP,2020,0.1619
GZ,electricity,solar,CSP,2020,0.1825
HA,electricity,solar,CSP,2020,0.1938
HB,electricity,solar,CSP,2020,0.1596
HE,electricity,solar,CSP,2020,0.2888
HI,electricity,solar,CSP,2020,0.2357
HL,electricity,solar,CSP,2020,0.2439
HN,electricity,solar,CSP,2020,0.1471
JL,electricity,solar,CSP,2020,0.2365
JS,electricity,solar,CSP,2020,0.2064
JX,electricity,solar,CSP,2020,0.1761
LN,electricity,solar,CSP,2020,0.2531
NM,electricity,solar,CSP,2020,0.3481
NX,electricity,solar,CSP,2020,0.343
QH,electricity,solar,CSP,2020,0.4579
SC,electricity,solar,CSP,2020,0.212
SD,electricity,solar,CSP,2020,0.2404
SH,electricity,solar,CSP,2020,0.1953
SN,electricity,solar,CSP,2020,0.2554
SX,electricity,solar,CSP,2020,0.3119
TJ,electricity,solar,CSP,2020,0.261
XJ,electricity,solar,CSP,2020,0.3255
XZ,electricity,solar,CSP,2020,0.5759
YN,electricity,solar,CSP,2020,0.3269
ZJ,electricity,solar,CSP,2020,0.1933
AH,electricity,wind,wind,2050,0.19
BJ,electricity,solar,CSP_storage,2020,0.5756
CQ,electricity,solar,CSP_storage,2020,0.2498
FJ,electricity,solar,CSP_storage,2020,0.3795
GD,electricity,solar,CSP_storage,2020,0.3376
GS,electricity,solar,CSP_storage,2020,0.6991
GX,electricity,solar,CSP_storage,2020,0.3218
GZ,electricity,solar,CSP_storage,2020,0.3627
HA,electricity,solar,CSP_storage,2020,0.3851
HB,electricity,solar,CSP_storage,2020,0.3171
HE,electricity,solar,CSP_storage,2020,0.5741
HI,electricity,solar,CSP_storage,2020,0.4686
HL,electricity,solar,CSP_storage,2020,0.4847
HN,electricity,solar,CSP_storage,2020,0.2923
JL,electricity,solar,CSP_storage,2020,0.4701
JS,electricity,solar,CSP_storage,2020,0.4102
JX,electricity,solar,CSP_storage,2020,0.35
LN,electricity,solar,CSP_storage,2020,0.503
NM,electricity,solar,CSP_storage,2020,0.6918
NX,electricity,solar,CSP_storage,2020,0.6817
QH,electricity,solar,CSP_storage,2020,0.9101
SC,electricity,solar,CSP_storage,2020,0.4214
SD,electricity,solar,CSP_storage,2020,0.4779
SH,electricity,solar,CSP_storage,2020,0.3882
SN,electricity,solar,CSP_storage,2020,0.5077
SX,electricity,solar,CSP_storage,2020,0.62
TJ,electricity,solar,CSP_storage,2020,0.5188
XJ,electricity,solar,CSP_storage,2020,0.647
XZ,electricity,solar,CSP_storage,2020,1.1447
YN,electricity,solar,CSP_storage,2020,0.6498
ZJ,electricity,solar,CSP_storage,2020,0.3842
AH,electricity,wind,wind,2055,0.19
BJ,electricity,solar,CSP,2025,0.2896
CQ,electricity,solar,CSP,2025,0.1257
FJ,electricity,solar,CSP,2025,0.1909
GD,electricity,solar,CSP,2025,0.1699
GS,electricity,solar,CSP,2025,0.3518
GX,electricity,solar,CSP,2025,0.1619
GZ,electricity,solar,CSP,2025,0.1825
HA,electricity,solar,CSP,2025,0.1938
HB,electricity,solar,CSP,2025,0.1596
HE,electricity,solar,CSP,2025,0.2888
HI,electricity,solar,CSP,2025,0.2357
HL,electricity,solar,CSP,2025,0.2439
HN,electricity,solar,CSP,2025,0.1471
JL,electricity,solar,CSP,2025,0.2365
JS,electricity,solar,CSP,2025,0.2064
JX,electricity,solar,CSP,2025,0.1761
LN,electricity,solar,CSP,2025,0.2531
NM,electricity,solar,CSP,2025,0.3481
NX,electricity,solar,CSP,2025,0.343
QH,electricity,solar,CSP,2025,0.4579
SC,electricity,solar,CSP,2025,0.212
SD,electricity,solar,CSP,2025,0.2404
SH,electricity,solar,CSP,2025,0.1953
SN,electricity,solar,CSP,2025,0.2554
SX,electricity,solar,CSP,2025,0.3119
TJ,electricity,solar,CSP,2025,0.261
XJ,electricity,solar,CSP,2025,0.3255
XZ,electricity,solar,CSP,2025,0.5759
YN,electricity,solar,CSP,2025,0.3269
ZJ,electricity,solar,CSP,2025,0.1933
AH,electricity,wind,wind,2060,0.19
BJ,electricity,solar,CSP_storage,2025,0.5756
CQ,electricity,solar,CSP_storage,2025,0.2498
FJ,electricity,solar,CSP_storage,2025,0.3795
GD,electricity,solar,CSP_storage,2025,0.3376
GS,electricity,solar,CSP_storage,2025,0.6991
GX,electricity,solar,CSP_storage,2025,0.3218
GZ,electricity,solar,CSP_storage,2025,0.3627
HA,electricity,solar,CSP_storage,2025,0.3851
HB,electricity,solar,CSP_storage,2025,0.3171
HE,electricity,solar,CSP_storage,2025,0.5741
HI,electricity,solar,CSP_storage,2025,0.4686
HL,electricity,solar,CSP_storage,2025,0.4847
HN,electricity,solar,CSP_storage,2025,0.2923
JL,electricity,solar,CSP_storage,2025,0.4701
JS,electricity,solar,CSP_storage,2025,0.4102
JX,electricity,solar,CSP_storage,2025,0.35
LN,electricity,solar,CSP_storage,2025,0.503
NM,electricity,solar,CSP_storage,2025,0.6918
NX,electricity,solar,CSP_storage,2025,0.6817
QH,electricity,solar,CSP_storage,2025,0.9101
SC,electricity,solar,CSP_storage,2025,0.4214
SD,electricity,solar,CSP_storage,2025,0.4779
SH,electricity,solar,CSP_storage,2025,0.3882
SN,electricity,solar,CSP_storage,2025,0.5077
SX,electricity,solar,CSP_storage,2025,0.62
TJ,electricity,solar,CSP_storage,2025,0.5188
XJ,electricity,solar,CSP_storage,2025,0.647
XZ,electricity,solar,CSP_storage,2025,1.1447
YN,electricity,solar,CSP_storage,2025,0.6498
ZJ,electricity,solar,CSP_storage,2025,0.3842
AH,electricity,wind,wind,2065,0.19
BJ,electricity,solar,CSP,2030,0.2896
CQ,electricity,solar,CSP,2030,0.1257
FJ,electricity,solar,CSP,2030,0.1909
GD,electricity,solar,CSP,2030,0.1699
GS,electricity,solar,CSP,2030,0.3518
GX,electricity,solar,CSP,2030,0.1619
GZ,electricity,solar,CSP,2030,0.1825
HA,electricity,solar,CSP,2030,0.1938
HB,electricity,solar,CSP,2030,0.1596
HE,electricity,solar,CSP,2030,0.2888
HI,electricity,solar,CSP,2030,0.2357
HL,electricity,solar,CSP,2030,0.2439
HN,electricity,solar,CSP,2030,0.1471
JL,electricity,solar,CSP,2030,0.2365
JS,electricity,solar,CSP,2030,0.2064
JX,electricity,solar,CSP,2030,0.1761
LN,electricity,solar,CSP,2030,0.2531
NM,electricity,solar,CSP,2030,0.3481
NX,electricity,solar,CSP,2030,0.343
QH,electricity,solar,CSP,2030,0.4579
SC,electricity,solar,CSP,2030,0.212
SD,electricity,solar,CSP,2030,0.2404
SH,electricity,solar,CSP,2030,0.1953
SN,electricity,solar,CSP,2030,0.2554
SX,electricity,solar,CSP,2030,0.3119
TJ,electricity,solar,CSP,2030,0.261
XJ,electricity,solar,CSP,2030,0.3255
XZ,electricity,solar,CSP,2030,0.5759
YN,electricity,solar,CSP,2030,0.3269
ZJ,electricity,solar,CSP,2030,0.1933
AH,electricity,wind,wind,2070,0.19
BJ,electricity,solar,CSP_storage,2030,0.5756
CQ,electricity,solar,CSP_storage,2030,0.2498
FJ,electricity,solar,CSP_storage,2030,0.3795
GD,electricity,solar,CSP_storage,2030,0.3376
GS,electricity,solar,CSP_storage,2030,0.6991
GX,electricity,solar,CSP_storage,2030,0.3218
GZ,electricity,solar,CSP_storage,2030,0.3627
HA,electricity,solar,CSP_storage,2030,0.3851
HB,electricity,solar,CSP_storage,2030,0.3171
HE,electricity,solar,CSP_storage,2030,0.5741
HI,electricity,solar,CSP_storage,2030,0.4686
HL,electricity,solar,CSP_storage,2030,0.4847
HN,electricity,solar,CSP_storage,2030,0.2923
JL,electricity,solar,CSP_storage,2030,0.4701
JS,electricity,solar,CSP_storage,2030,0.4102
JX,electricity,solar,CSP_storage,2030,0.35
LN,electricity,solar,CSP_storage,2030,0.503
NM,electricity,solar,CSP_storage,2030,0.6918
NX,electricity,solar,CSP_storage,2030,0.6817
QH,electricity,solar,CSP_storage,2030,0.9101
SC,electricity,solar,CSP_storage,2030,0.4214
SD,electricity,solar,CSP_storage,2030,0.4779
SH,electricity,solar,CSP_storage,2030,0.3882
SN,electricity,solar,CSP_storage,2030,0.5077
SX,electricity,solar,CSP_storage,2030,0.62
TJ,electricity,solar,CSP_storage,2030,0.5188
XJ,electricity,solar,CSP_storage,2030,0.647
XZ,electricity,solar,CSP_storage,2030,1.1447
YN,electricity,solar,CSP_storage,2030,0.6498
ZJ,electricity,solar,CSP_storage,2030,0.3842
AH,electricity,wind,wind,2075,0.19
BJ,electricity,solar,CSP,2035,0.2896
CQ,electricity,solar,CSP,2035,0.1257
FJ,electricity,solar,CSP,2035,0.1909
GD,electricity,solar,CSP,2035,0.1699
GS,electricity,solar,CSP,2035,0.3518
GX,electricity,solar,CSP,2035,0.1619
GZ,electricity,solar,CSP,2035,0.1825
HA,electricity,solar,CSP,2035,0.1938
HB,electricity,solar,CSP,2035,0.1596
HE,electricity,solar,CSP,2035,0.2888
HI,electricity,solar,CSP,2035,0.2357
HL,electricity,solar,CSP,2035,0.2439
HN,electricity,solar,CSP,2035,0.1471
JL,electricity,solar,CSP,2035,0.2365
JS,electricity,solar,CSP,2035,0.2064
JX,electricity,solar,CSP,2035,0.1761
LN,electricity,solar,CSP,2035,0.2531
NM,electricity,solar,CSP,2035,0.3481
NX,electricity,solar,CSP,2035,0.343
QH,electricity,solar,CSP,2035,0.4579
SC,electricity,solar,CSP,2035,0.212
SD,electricity,solar,CSP,2035,0.2404
SH,electricity,solar,CSP,2035,0.1953
SN,electricity,solar,CSP,2035,0.2554
SX,electricity,solar,CSP,2035,0.3119
TJ,electricity,solar,CSP,2035,0.261
XJ,electricity,solar,CSP,2035,0.3255
XZ,electricity,solar,CSP,2035,0.5759
YN,electricity,solar,CSP,2035,0.3269
ZJ,electricity,solar,CSP,2035,0.1933
AH,electricity,wind,wind,2080,0.19
BJ,electricity,solar,CSP_storage,2035,0.5756
CQ,electricity,solar,CSP_storage,2035,0.2498
FJ,electricity,solar,CSP_storage,2035,0.3795
GD,electricity,solar,CSP_storage,2035,0.3376
GS,electricity,solar,CSP_storage,2035,0.6991
GX,electricity,solar,CSP_storage,2035,0.3218
GZ,electricity,solar,CSP_storage,2035,0.3627
HA,electricity,solar,CSP_storage,2035,0.3851
HB,electricity,solar,CSP_storage,2035,0.3171
HE,electricity,solar,CSP_storage,2035,0.5741
HI,electricity,solar,CSP_storage,2035,0.4686
HL,electricity,solar,CSP_storage,2035,0.4847
HN,electricity,solar,CSP_storage,2035,0.2923
JL,electricity,solar,CSP_storage,2035,0.4701
JS,electricity,solar,CSP_storage,2035,0.4102
JX,electricity,solar,CSP_storage,2035,0.35
LN,electricity,solar,CSP_storage,2035,0.503
NM,electricity,solar,CSP_storage,2035,0.6918
NX,electricity,solar,CSP_storage,2035,0.6817
QH,electricity,solar,CSP_storage,2035,0.9101
SC,electricity,solar,CSP_storage,2035,0.4214
SD,electricity,solar,CSP_storage,2035,0.4779
SH,electricity,solar,CSP_storage,2035,0.3882
SN,electricity,solar,CSP_storage,2035,0.5077
SX,electricity,solar,CSP_storage,2035,0.62
TJ,electricity,solar,CSP_storage,2035,0.5188
XJ,electricity,solar,CSP_storage,2035,0.647
XZ,electricity,solar,CSP_storage,2035,1.1447
YN,electricity,solar,CSP_storage,2035,0.6498
ZJ,electricity,solar,CSP_storage,2035,0.3842
AH,electricity,wind,wind,2085,0.19
BJ,electricity,solar,CSP,2040,0.2896
CQ,electricity,solar,CSP,2040,0.1257
FJ,electricity,solar,CSP,2040,0.1909
GD,electricity,solar,CSP,2040,0.1699
GS,electricity,solar,CSP,2040,0.3518
GX,electricity,solar,CSP,2040,0.1619
GZ,electricity,solar,CSP,2040,0.1825
HA,electricity,solar,CSP,2040,0.1938
HB,electricity,solar,CSP,2040,0.1596
HE,electricity,solar,CSP,2040,0.2888
HI,electricity,solar,CSP,2040,0.2357
HL,electricity,solar,CSP,2040,0.2439
HN,electricity,solar,CSP,2040,0.1471
JL,electricity,solar,CSP,2040,0.2365
JS,electricity,solar,CSP,2040,0.2064
JX,electricity,solar,CSP,2040,0.1761
LN,electricity,solar,CSP,2040,0.2531
NM,electricity,solar,CSP,2040,0.3481
NX,electricity,solar,CSP,2040,0.343
QH,electricity,solar,CSP,2040,0.4579
SC,electricity,solar,CSP,2040,0.212
SD,electricity,solar,CSP,2040,0.2404
SH,electricity,solar,CSP,2040,0.1953
SN,electricity,solar,CSP,2040,0.2554
SX,electricity,solar,CSP,2040,0.3119
TJ,electricity,solar,CSP,2040,0.261
XJ,electricity,solar,CSP,2040,0.3255
XZ,electricity,solar,CSP,2040,0.5759
YN,electricity,solar,CSP,2040,0.3269
ZJ,electricity,solar,CSP,2040,0.1933
AH,electricity,wind,wind,2090,0.19
BJ,electricity,solar,CSP_storage,2040,0.5756
CQ,electricity,solar,CSP_storage,2040,0.2498
FJ,electricity,solar,CSP_storage,2040,0.3795
GD,electricity,solar,CSP_storage,2040,0.3376
GS,electricity,solar,CSP_storage,2040,0.6991
GX,electricity,solar,CSP_storage,2040,0.3218
GZ,electricity,solar,CSP_storage,2040,0.3627
HA,electricity,solar,CSP_storage,2040,0.3851
HB,electricity,solar,CSP_storage,2040,0.3171
HE,electricity,solar,CSP_storage,2040,0.5741
HI,electricity,solar,CSP_storage,2040,0.4686
HL,electricity,solar,CSP_storage,2040,0.4847
HN,electricity,solar,CSP_storage,2040,0.2923
JL,electricity,solar,CSP_storage,2040,0.4701
JS,electricity,solar,CSP_storage,2040,0.4102
JX,electricity,solar,CSP_storage,2040,0.35
LN,electricity,solar,CSP_storage,2040,0.503
NM,electricity,solar,CSP_storage,2040,0.6918
NX,electricity,solar,CSP_storage,2040,0.6817
QH,electricity,solar,CSP_storage,2040,0.9101
SC,electricity,solar,CSP_storage,2040,0.4214
SD,electricity,solar,CSP_storage,2040,0.4779
SH,electricity,solar,CSP_storage,2040,0.3882
SN,electricity,solar,CSP_storage,2040,0.5077
SX,electricity,solar,CSP_storage,2040,0.62
TJ,electricity,solar,CSP_storage,2040,0.5188
XJ,electricity,solar,CSP_storage,2040,0.647
XZ,electricity,solar,CSP_storage,2040,1.1447
YN,electricity,solar,CSP_storage,2040,0.6498
ZJ,electricity,solar,CSP_storage,2040,0.3842
AH,electricity,wind,wind,2095,0.19
BJ,electricity,solar,CSP,2045,0.2896
CQ,electricity,solar,CSP,2045,0.1257
FJ,electricity,solar,CSP,2045,0.1909
GD,electricity,solar,CSP,2045,0.1699
GS,electricity,solar,CSP,2045,0.3518
GX,electricity,solar,CSP,2045,0.1619
GZ,electricity,solar,CSP,2045,0.1825
HA,electricity,solar,CSP,2045,0.1938
HB,electricity,solar,CSP,2045,0.1596
HE,electricity,solar,CSP,2045,0.2888
HI,electricity,solar,CSP,2045,0.2357
HL,electricity,solar,CSP,2045,0.2439
HN,electricity,solar,CSP,2045,0.1471
JL,electricity,solar,CSP,2045,0.2365
JS,electricity,solar,CSP,2045,0.2064
JX,electricity,solar,CSP,2045,0.1761
LN,electricity,solar,CSP,2045,0.2531
NM,electricity,solar,CSP,2045,0.3481
NX,electricity,solar,CSP,2045,0.343
QH,electricity,solar,CSP,2045,0.4579
SC,electricity,solar,CSP,2045,0.212
SD,electricity,solar,CSP,2045,0.2404
SH,electricity,solar,CSP,2045,0.1953
SN,electricity,solar,CSP,2045,0.2554
SX,electricity,solar,CSP,2045,0.3119
TJ,electricity,solar,CSP,2045,0.261
XJ,electricity,solar,CSP,2045,0.3255
XZ,electricity,solar,CSP,2045,0.5759
YN,electricity,solar,CSP,2045,0.3269
ZJ,electricity,solar,CSP,2045,0.1933
AH,electricity,wind,wind,2100,0.19
BJ,electricity,solar,CSP_storage,2045,0.5756
CQ,electricity,solar,CSP_storage,2045,0.2498
FJ,electricity,solar,CSP_storage,2045,0.3795
GD,electricity,solar,CSP_storage,2045,0.3376
GS,electricity,solar,CSP_storage,2045,0.6991
GX,electricity,solar,CSP_storage,2045,0.3218
GZ,electricity,solar,CSP_storage,2045,0.3627
HA,electricity,solar,CSP_storage,2045,0.3851
HB,electricity,solar,CSP_storage,2045,0.3171
HE,electricity,solar,CSP_storage,2045,0.5741
HI,electricity,solar,CSP_storage,2045,0.4686
HL,electricity,solar,CSP_storage,2045,0.4847
HN,electricity,solar,CSP_storage,2045,0.2923
JL,electricity,solar,CSP_storage,2045,0.4701
JS,electricity,solar,CSP_storage,2045,0.4102
JX,electricity,solar,CSP_storage,2045,0.35
LN,electricity,solar,CSP_storage,2045,0.503
NM,electricity,solar,CSP_storage,2045,0.6918
NX,electricity,solar,CSP_storage,2045,0.6817
QH,electricity,solar,CSP_storage,2045,0.9101
SC,electricity,solar,CSP_storage,2045,0.4214
SD,electricity,solar,CSP_storage,2045,0.4779
SH,electricity,solar,CSP_storage,2045,0.3882
SN,electricity,solar,CSP_storage,2045,0.5077
SX,electricity,solar,CSP_storage,2045,0.62
TJ,electricity,solar,CSP_storage,2045,0.5188
XJ,electricity,solar,CSP_storage,2045,0.647
XZ,electricity,solar,CSP_storage,2045,1.1447
YN,electricity,solar,CSP_storage,2045,0.6498
ZJ,electricity,solar,CSP_storage,2045,0.3842
AH,elect_td_bld,rooftop_pv,rooftop_pv,1975,0.203902275
BJ,electricity,solar,CSP,2050,0.2896
CQ,electricity,solar,CSP,2050,0.1257
FJ,electricity,solar,CSP,2050,0.1909
GD,electricity,solar,CSP,2050,0.1699
GS,electricity,solar,CSP,2050,0.3518
GX,electricity,solar,CSP,2050,0.1619
GZ,electricity,solar,CSP,2050,0.1825
HA,electricity,solar,CSP,2050,0.1938
HB,electricity,solar,CSP,2050,0.1596
HE,electricity,solar,CSP,2050,0.2888
HI,electricity,solar,CSP,2050,0.2357
HL,electricity,solar,CSP,2050,0.2439
HN,electricity,solar,CSP,2050,0.1471
JL,electricity,solar,CSP,2050,0.2365
JS,electricity,solar,CSP,2050,0.2064
JX,electricity,solar,CSP,2050,0.1761
LN,electricity,solar,CSP,2050,0.2531
NM,electricity,solar,CSP,2050,0.3481
NX,electricity,solar,CSP,2050,0.343
QH,electricity,solar,CSP,2050,0.4579
SC,electricity,solar,CSP,2050,0.212
SD,electricity,solar,CSP,2050,0.2404
SH,electricity,solar,CSP,2050,0.1953
SN,electricity,solar,CSP,2050,0.2554
SX,electricity,solar,CSP,2050,0.3119
TJ,electricity,solar,CSP,2050,0.261
XJ,electricity,solar,CSP,2050,0.3255
XZ,electricity,solar,CSP,2050,0.5759
YN,electricity,solar,CSP,2050,0.3269
ZJ,electricity,solar,CSP,2050,0.1933
BJ,elect_td_bld,rooftop_pv,rooftop_pv,1975,0.203902275
BJ,electricity,solar,CSP_storage,2050,0.5756
CQ,electricity,solar,CSP_storage,2050,0.2498
FJ,electricity,solar,CSP_storage,2050,0.3795
GD,electricity,solar,CSP_storage,2050,0.3376
GS,electricity,solar,CSP_storage,2050,0.6991
GX,electricity,solar,CSP_storage,2050,0.3218
GZ,electricity,solar,CSP_storage,2050,0.3627
HA,electricity,solar,CSP_storage,2050,0.3851
HB,electricity,solar,CSP_storage,2050,0.3171
HE,electricity,solar,CSP_storage,2050,0.5741
HI,electricity,solar,CSP_storage,2050,0.4686
HL,electricity,solar,CSP_storage,2050,0.4847
HN,electricity,solar,CSP_storage,2050,0.2923
JL,electricity,solar,CSP_storage,2050,0.4701
JS,electricity,solar,CSP_storage,2050,0.4102
JX,electricity,solar,CSP_storage,2050,0.35
LN,electricity,solar,CSP_storage,2050,0.503
NM,electricity,solar,CSP_storage,2050,0.6918
NX,electricity,solar,CSP_storage,2050,0.6817
QH,electricity,solar,CSP_storage,2050,0.9101
SC,electricity,solar,CSP_storage,2050,0.4214
SD,electricity,solar,CSP_storage,2050,0.4779
SH,electricity,solar,CSP_storage,2050,0.3882
SN,electricity,solar,CSP_storage,2050,0.5077
SX,electricity,solar,CSP_storage,2050,0.62
TJ,electricity,solar,CSP_storage,2050,0.5188
XJ,electricity,solar,CSP_storage,2050,0.647
XZ,electricity,solar,CSP_storage,2050,1.1447
YN,electricity,solar,CSP_storage,2050,0.6498
ZJ,electricity,solar,CSP_storage,2050,0.3842
CQ,elect_td_bld,rooftop_pv,rooftop_pv,1975,0.203902275
BJ,electricity,solar,CSP,2055,0.2896
CQ,electricity,solar,CSP,2055,0.1257
FJ,electricity,solar,CSP,2055,0.1909
GD,electricity,solar,CSP,2055,0.1699
GS,electricity,solar,CSP,2055,0.3518
GX,electricity,solar,CSP,2055,0.1619
GZ,electricity,solar,CSP,2055,0.1825
HA,electricity,solar,CSP,2055,0.1938
HB,electricity,solar,CSP,2055,0.1596
HE,electricity,solar,CSP,2055,0.2888
HI,electricity,solar,CSP,2055,0.2357
HL,electricity,solar,CSP,2055,0.2439
HN,electricity,solar,CSP,2055,0.1471
JL,electricity,solar,CSP,2055,0.2365
JS,electricity,solar,CSP,2055,0.2064
JX,electricity,solar,CSP,2055,0.1761
LN,electricity,solar,CSP,2055,0.2531
NM,electricity,solar,CSP,2055,0.3481
NX,electricity,solar,CSP,2055,0.343
QH,electricity,solar,CSP,2055,0.4579
SC,electricity,solar,CSP,2055,0.212
SD,electricity,solar,CSP,2055,0.2404
SH,electricity,solar,CSP,2055,0.1953
SN,electricity,solar,CSP,2055,0.2554
SX,electricity,solar,CSP,2055,0.3119
TJ,electricity,solar,CSP,2055,0.261
XJ,electricity,solar,CSP,2055,0.3255
XZ,electricity,solar,CSP,2055,0.5759
YN,electricity,solar,CSP,2055,0.3269
ZJ,electricity,solar,CSP,2055,0.1933
FJ,elect_td_bld,rooftop_pv,rooftop_pv,1975,0.203902275
BJ,electricity,solar,CSP_storage,2055,0.5756
CQ,electricity,solar,CSP_storage,2055,0.2498
FJ,electricity,solar,CSP_storage,2055,0.3795
GD,electricity,solar,CSP_storage,2055,0.3376
GS,electricity,solar,CSP_storage,2055,0.6991
GX,electricity,solar,CSP_storage,2055,0.3218
GZ,electricity,solar,CSP_storage,2055,0.3627
HA,electricity,solar,CSP_storage,2055,0.3851
HB,electricity,solar,CSP_storage,2055,0.3171
HE,electricity,solar,CSP_storage,2055,0.5741
HI,electricity,solar,CSP_storage,2055,0.4686
HL,electricity,solar,CSP_storage,2055,0.4847
HN,electricity,solar,CSP_storage,2055,0.2923
JL,electricity,solar,CSP_storage,2055,0.4701
JS,electricity,solar,CSP_storage,2055,0.4102
JX,electricity,solar,CSP_storage,2055,0.35
LN,electricity,solar,CSP_storage,2055,0.503
NM,electricity,solar,CSP_storage,2055,0.6918
NX,electricity,solar,CSP_storage,2055,0.6817
QH,electricity,solar,CSP_storage,2055,0.9101
SC,electricity,solar,CSP_storage,2055,0.4214
SD,electricity,solar,CSP_storage,2055,0.4779
SH,electricity,solar,CSP_storage,2055,0.3882
SN,electricity,solar,CSP_storage,2055,0.5077
SX,electricity,solar,CSP_storage,2055,0.62
TJ,electricity,solar,CSP_storage,2055,0.5188
XJ,electricity,solar,CSP_storage,2055,0.647
XZ,electricity,solar,CSP_storage,2055,1.1447
YN,electricity,solar,CSP_storage,2055,0.6498
ZJ,electricity,solar,CSP_storage,2055,0.3842
GD,elect_td_bld,rooftop_pv,rooftop_pv,1975,0.203902275
BJ,electricity,solar,CSP,2060,0.2896
CQ,electricity,solar,CSP,2060,0.1257
FJ,electricity,solar,CSP,2060,0.1909
GD,electricity,solar,CSP,2060,0.1699
GS,electricity,solar,CSP,2060,0.3518
GX,electricity,solar,CSP,2060,0.1619
GZ,electricity,solar,CSP,2060,0.1825
HA,electricity,solar,CSP,2060,0.1938
HB,electricity,solar,CSP,2060,0.1596
HE,electricity,solar,CSP,2060,0.2888
HI,electricity,solar,CSP,2060,0.2357
HL,electricity,solar,CSP,2060,0.2439
HN,electricity,solar,CSP,2060,0.1471
JL,electricity,solar,CSP,2060,0.2365
JS,electricity,solar,CSP,2060,0.2064
JX,electricity,solar,CSP,2060,0.1761
LN,electricity,solar,CSP,2060,0.2531
NM,electricity,solar,CSP,2060,0.3481
NX,electricity,solar,CSP,2060,0.343
QH,electricity,solar,CSP,2060,0.4579
SC,electricity,solar,CSP,2060,0.212
SD,electricity,solar,CSP,2060,0.2404
SH,electricity,solar,CSP,2060,0.1953
SN,electricity,solar,CSP,2060,0.2554
SX,electricity,solar,CSP,2060,0.3119
TJ,electricity,solar,CSP,2060,0.261
XJ,electricity,solar,CSP,2060,0.3255
XZ,electricity,solar,CSP,2060,0.5759
YN,electricity,solar,CSP,2060,0.3269
ZJ,electricity,solar,CSP,2060,0.1933
GS,elect_td_bld,rooftop_pv,rooftop_pv,1975,0.203902275
BJ,electricity,solar,CSP_storage,2060,0.5756
CQ,electricity,solar,CSP_storage,2060,0.2498
FJ,electricity,solar,CSP_storage,2060,0.3795
GD,electricity,solar,CSP_storage,2060,0.3376
GS,electricity,solar,CSP_storage,2060,0.6991
GX,electricity,solar,CSP_storage,2060,0.3218
GZ,electricity,solar,CSP_storage,2060,0.3627
HA,electricity,solar,CSP_storage,2060,0.3851
HB,electricity,solar,CSP_storage,2060,0.3171
HE,electricity,solar,CSP_storage,2060,0.5741
HI,electricity,solar,CSP_storage,2060,0.4686
HL,electricity,solar,CSP_storage,2060,0.4847
HN,electricity,solar,CSP_storage,2060,0.2923
JL,electricity,solar,CSP_storage,2060,0.4701
JS,electricity,solar,CSP_storage,2060,0.4102
JX,electricity,solar,CSP_storage,2060,0.35
LN,electricity,solar,CSP_storage,2060,0.503
NM,electricity,solar,CSP_storage,2060,0.6918
NX,electricity,solar,CSP_storage,2060,0.6817
QH,electricity,solar,CSP_storage,2060,0.9101
SC,electricity,solar,CSP_storage,2060,0.4214
SD,electricity,solar,CSP_storage,2060,0.4779
SH,electricity,solar,CSP_storage,2060,0.3882
SN,electricity,solar,CSP_storage,2060,0.5077
SX,electricity,solar,CSP_storage,2060,0.62
TJ,electricity,solar,CSP_storage,2060,0.5188
XJ,electricity,solar,CSP_storage,2060,0.647
XZ,electricity,solar,CSP_storage,2060,1.1447
YN,electricity,solar,CSP_storage,2060,0.6498
ZJ,electricity,solar,CSP_storage,2060,0.3842
GX,elect_td_bld,rooftop_pv,rooftop_pv,1975,0.203902275
BJ,electricity,solar,CSP,2065,0.2896
CQ,electricity,solar,CSP,2065,0.1257
FJ,electricity,solar,CSP,2065,0.1909
GD,electricity,solar,CSP,2065,0.1699
GS,electricity,solar,CSP,2065,0.3518
GX,electricity,solar,CSP,2065,0.1619
GZ,electricity,solar,CSP,2065,0.1825
HA,electricity,solar,CSP,2065,0.1938
HB,electricity,solar,CSP,2065,0.1596
HE,electricity,solar,CSP,2065,0.2888
HI,electricity,solar,CSP,2065,0.2357
HL,electricity,solar,CSP,2065,0.2439
HN,electricity,solar,CSP,2065,0.1471
JL,electricity,solar,CSP,2065,0.2365
JS,electricity,solar,CSP,2065,0.2064
JX,electricity,solar,CSP,2065,0.1761
LN,electricity,solar,CSP,2065,0.2531
NM,electricity,solar,CSP,2065,0.3481
NX,electricity,solar,CSP,2065,0.343
QH,electricity,solar,CSP,2065,0.4579
SC,electricity,solar,CSP,2065,0.212
SD,electricity,solar,CSP,2065,0.2404
SH,electricity,solar,CSP,2065,0.1953
SN,electricity,solar,CSP,2065,0.2554
SX,electricity,solar,CSP,2065,0.3119
TJ,electricity,solar,CSP,2065,0.261
XJ,electricity,solar,CSP,2065,0.3255
XZ,electricity,solar,CSP,2065,0.5759
YN,electricity,solar,CSP,2065,0.3269
ZJ,electricity,solar,CSP,2065,0.1933
GZ,elect_td_bld,rooftop_pv,rooftop_pv,1975,0.203902275
BJ,electricity,solar,CSP_storage,2065,0.5756
CQ,electricity,solar,CSP_storage,2065,0.2498
FJ,electricity,solar,CSP_storage,2065,0.3795
GD,electricity,solar,CSP_storage,2065,0.3376
GS,electricity,solar,CSP_storage,2065,0.6991
GX,electricity,solar,CSP_storage,2065,0.3218
GZ,electricity,solar,CSP_storage,2065,0.3627
HA,electricity,solar,CSP_storage,2065,0.3851
HB,electricity,solar,CSP_storage,2065,0.3171
HE,electricity,solar,CSP_storage,2065,0.5741
HI,electricity,solar,CSP_storage,2065,0.4686
HL,electricity,solar,CSP_storage,2065,0.4847
HN,electricity,solar,CSP_storage,2065,0.2923
JL,electricity,solar,CSP_storage,2065,0.4701
JS,electricity,solar,CSP_storage,2065,0.4102
JX,electricity,solar,CSP_storage,2065,0.35
LN,electricity,solar,CSP_storage,2065,0.503
NM,electricity,solar,CSP_storage,2065,0.6918
NX,electricity,solar,CSP_storage,2065,0.6817
QH,electricity,solar,CSP_storage,2065,0.9101
SC,electricity,solar,CSP_storage,2065,0.4214
SD,electricity,solar,CSP_storage,2065,0.4779
SH,electricity,solar,CSP_storage,2065,0.3882
SN,electricity,solar,CSP_storage,2065,0.5077
SX,electricity,solar,CSP_storage,2065,0.62
TJ,electricity,solar,CSP_storage,2065,0.5188
XJ,electricity,solar,CSP_storage,2065,0.647
XZ,electricity,solar,CSP_storage,2065,1.1447
YN,electricity,solar,CSP_storage,2065,0.6498
ZJ,electricity,solar,CSP_storage,2065,0.3842
HA,elect_td_bld,rooftop_pv,rooftop_pv,1975,0.203902275
BJ,electricity,solar,CSP,2070,0.2896
CQ,electricity,solar,CSP,2070,0.1257
FJ,electricity,solar,CSP,2070,0.1909
GD,electricity,solar,CSP,2070,0.1699
GS,electricity,solar,CSP,2070,0.3518
GX,electricity,solar,CSP,2070,0.1619
GZ,electricity,solar,CSP,2070,0.1825
HA,electricity,solar,CSP,2070,0.1938
HB,electricity,solar,CSP,2070,0.1596
HE,electricity,solar,CSP,2070,0.2888
HI,electricity,solar,CSP,2070,0.2357
HL,electricity,solar,CSP,2070,0.2439
HN,electricity,solar,CSP,2070,0.1471
JL,electricity,solar,CSP,2070,0.2365
JS,electricity,solar,CSP,2070,0.2064
JX,electricity,solar,CSP,2070,0.1761
LN,electricity,solar,CSP,2070,0.2531
NM,electricity,solar,CSP,2070,0.3481
NX,electricity,solar,CSP,2070,0.343
QH,electricity,solar,CSP,2070,0.4579
SC,electricity,solar,CSP,2070,0.212
SD,electricity,solar,CSP,2070,0.2404
SH,electricity,solar,CSP,2070,0.1953
SN,electricity,solar,CSP,2070,0.2554
SX,electricity,solar,CSP,2070,0.3119
TJ,electricity,solar,CSP,2070,0.261
XJ,electricity,solar,CSP,2070,0.3255
XZ,electricity,solar,CSP,2070,0.5759
YN,electricity,solar,CSP,2070,0.3269
ZJ,electricity,solar,CSP,2070,0.1933
HB,elect_td_bld,rooftop_pv,rooftop_pv,1975,0.203902275
BJ,electricity,solar,CSP_storage,2070,0.5756
CQ,electricity,solar,CSP_storage,2070,0.2498
FJ,electricity,solar,CSP_storage,2070,0.3795
GD,electricity,solar,CSP_storage,2070,0.3376
GS,electricity,solar,CSP_storage,2070,0.6991
GX,electricity,solar,CSP_storage,2070,0.3218
GZ,electricity,solar,CSP_storage,2070,0.3627
HA,electricity,solar,CSP_storage,2070,0.3851
HB,electricity,solar,CSP_storage,2070,0.3171
HE,electricity,solar,CSP_storage,2070,0.5741
HI,electricity,solar,CSP_storage,2070,0.4686
HL,electricity,solar,CSP_storage,2070,0.4847
HN,electricity,solar,CSP_storage,2070,0.2923
JL,electricity,solar,CSP_storage,2070,0.4701
JS,electricity,solar,CSP_storage,2070,0.4102
JX,electricity,solar,CSP_storage,2070,0.35
LN,electricity,solar,CSP_storage,2070,0.503
NM,electricity,solar,CSP_storage,2070,0.6918
NX,electricity,solar,CSP_storage,2070,0.6817
QH,electricity,solar,CSP_storage,2070,0.9101
SC,electricity,solar,CSP_storage,2070,0.4214
SD,electricity,solar,CSP_storage,2070,0.4779
SH,electricity,solar,CSP_storage,2070,0.3882
SN,electricity,solar,CSP_storage,2070,0.5077
SX,electricity,solar,CSP_storage,2070,0.62
TJ,electricity,solar,CSP_storage,2070,0.5188
XJ,electricity,solar,CSP_storage,2070,0.647
XZ,electricity,solar,CSP_storage,2070,1.1447
YN,electricity,solar,CSP_storage,2070,0.6498
ZJ,electricity,solar,CSP_storage,2070,0.3842
HE,elect_td_bld,rooftop_pv,rooftop_pv,1975,0.203902275
BJ,electricity,solar,CSP,2075,0.2896
CQ,electricity,solar,CSP,2075,0.1257
FJ,electricity,solar,CSP,2075,0.1909
GD,electricity,solar,CSP,2075,0.1699
GS,electricity,solar,CSP,2075,0.3518
GX,electricity,solar,CSP,2075,0.1619
GZ,electricity,solar,CSP,2075,0.1825
HA,electricity,solar,CSP,2075,0.1938
HB,electricity,solar,CSP,2075,0.1596
HE,electricity,solar,CSP,2075,0.2888
HI,electricity,solar,CSP,2075,0.2357
HL,electricity,solar,CSP,2075,0.2439
HN,electricity,solar,CSP,2075,0.1471
JL,electricity,solar,CSP,2075,0.2365
JS,electricity,solar,CSP,2075,0.2064
JX,electricity,solar,CSP,2075,0.1761
LN,electricity,solar,CSP,2075,0.2531
NM,electricity,solar,CSP,2075,0.3481
NX,electricity,solar,CSP,2075,0.343
QH,electricity,solar,CSP,2075,0.4579
SC,electricity,solar,CSP,2075,0.212
SD,electricity,solar,CSP,2075,0.2404
SH,electricity,solar,CSP,2075,0.1953
SN,electricity,solar,CSP,2075,0.2554
SX,electricity,solar,CSP,2075,0.3119
TJ,electricity,solar,CSP,2075,0.261
XJ,electricity,solar,CSP,2075,0.3255
XZ,electricity,solar,CSP,2075,0.5759
YN,electricity,solar,CSP,2075,0.3269
ZJ,electricity,solar,CSP,2075,0.1933
HI,elect_td_bld,rooftop_pv,rooftop_pv,1975,0.203902275
BJ,electricity,solar,CSP_storage,2075,0.5756
CQ,electricity,solar,CSP_storage,2075,0.2498
FJ,electricity,solar,CSP_storage,2075,0.3795
GD,electricity,solar,CSP_storage,2075,0.3376
GS,electricity,solar,CSP_storage,2075,0.6991
GX,electricity,solar,CSP_storage,2075,0.3218
GZ,electricity,solar,CSP_storage,2075,0.3627
HA,electricity,solar,CSP_storage,2075,0.3851
HB,electricity,solar,CSP_storage,2075,0.3171
HE,electricity,solar,CSP_storage,2075,0.5741
HI,electricity,solar,CSP_storage,2075,0.4686
HL,electricity,solar,CSP_storage,2075,0.4847
HN,electricity,solar,CSP_storage,2075,0.2923
JL,electricity,solar,CSP_storage,2075,0.4701
JS,electricity,solar,CSP_storage,2075,0.4102
JX,electricity,solar,CSP_storage,2075,0.35
LN,electricity,solar,CSP_storage,2075,0.503
NM,electricity,solar,CSP_storage,2075,0.6918
NX,electricity,solar,CSP_storage,2075,0.6817
QH,electricity,solar,CSP_storage,2075,0.9101
SC,electricity,solar,CSP_storage,2075,0.4214
SD,electricity,solar,CSP_storage,2075,0.4779
SH,electricity,solar,CSP_storage,2075,0.3882
SN,electricity,solar,CSP_storage,2075,0.5077
SX,electricity,solar,CSP_storage,2075,0.62
TJ,electricity,solar,CSP_storage,2075,0.5188
XJ,electricity,solar,CSP_storage,2075,0.647
XZ,electricity,solar,CSP_storage,2075,1.1447
YN,electricity,solar,CSP_storage,2075,0.6498
ZJ,electricity,solar,CSP_storage,2075,0.3842
HL,elect_td_bld,rooftop_pv,rooftop_pv,1975,0.203902275
BJ,electricity,solar,CSP,2080,0.2896
CQ,electricity,solar,CSP,2080,0.1257
FJ,electricity,solar,CSP,2080,0.1909
GD,electricity,solar,CSP,2080,0.1699
GS,electricity,solar,CSP,2080,0.3518
GX,electricity,solar,CSP,2080,0.1619
GZ,electricity,solar,CSP,2080,0.1825
HA,electricity,solar,CSP,2080,0.1938
HB,electricity,solar,CSP,2080,0.1596
HE,electricity,solar,CSP,2080,0.2888
HI,electricity,solar,CSP,2080,0.2357
HL,electricity,solar,CSP,2080,0.2439
HN,electricity,solar,CSP,2080,0.1471
JL,electricity,solar,CSP,2080,0.2365
JS,electricity,solar,CSP,2080,0.2064
JX,electricity,solar,CSP,2080,0.1761
LN,electricity,solar,CSP,2080,0.2531
NM,electricity,solar,CSP,2080,0.3481
NX,electricity,solar,CSP,2080,0.343
QH,electricity,solar,CSP,2080,0.4579
SC,electricity,solar,CSP,2080,0.212
SD,electricity,solar,CSP,2080,0.2404
SH,electricity,solar,CSP,2080,0.1953
SN,electricity,solar,CSP,2080,0.2554
SX,electricity,solar,CSP,2080,0.3119
TJ,electricity,solar,CSP,2080,0.261
XJ,electricity,solar,CSP,2080,0.3255
XZ,electricity,solar,CSP,2080,0.5759
YN,electricity,solar,CSP,2080,0.3269
ZJ,electricity,solar,CSP,2080,0.1933
HN,elect_td_bld,rooftop_pv,rooftop_pv,1975,0.203902275
BJ,electricity,solar,CSP_storage,2080,0.5756
CQ,electricity,solar,CSP_storage,2080,0.2498
FJ,electricity,solar,CSP_storage,2080,0.3795
GD,electricity,solar,CSP_storage,2080,0.3376
GS,electricity,solar,CSP_storage,2080,0.6991
GX,electricity,solar,CSP_storage,2080,0.3218
GZ,electricity,solar,CSP_storage,2080,0.3627
HA,electricity,solar,CSP_storage,2080,0.3851
HB,electricity,solar,CSP_storage,2080,0.3171
HE,electricity,solar,CSP_storage,2080,0.5741
HI,electricity,solar,CSP_storage,2080,0.4686
HL,electricity,solar,CSP_storage,2080,0.4847
HN,electricity,solar,CSP_storage,2080,0.2923
JL,electricity,solar,CSP_storage,2080,0.4701
JS,electricity,solar,CSP_storage,2080,0.4102
JX,electricity,solar,CSP_storage,2080,0.35
LN,electricity,solar,CSP_storage,2080,0.503
NM,electricity,solar,CSP_storage,2080,0.6918
NX,electricity,solar,CSP_storage,2080,0.6817
QH,electricity,solar,CSP_storage,2080,0.9101
SC,electricity,solar,CSP_storage,2080,0.4214
SD,electricity,solar,CSP_storage,2080,0.4779
SH,electricity,solar,CSP_storage,2080,0.3882
SN,electricity,solar,CSP_storage,2080,0.5077
SX,electricity,solar,CSP_storage,2080,0.62
TJ,electricity,solar,CSP_storage,2080,0.5188
XJ,electricity,solar,CSP_storage,2080,0.647
XZ,electricity,solar,CSP_storage,2080,1.1447
YN,electricity,solar,CSP_storage,2080,0.6498
ZJ,electricity,solar,CSP_storage,2080,0.3842
JL,elect_td_bld,rooftop_pv,rooftop_pv,1975,0.203902275
BJ,electricity,solar,CSP,2085,0.2896
CQ,electricity,solar,CSP,2085,0.1257
FJ,electricity,solar,CSP,2085,0.1909
GD,electricity,solar,CSP,2085,0.1699
GS,electricity,solar,CSP,2085,0.3518
GX,electricity,solar,CSP,2085,0.1619
GZ,electricity,solar,CSP,2085,0.1825
HA,electricity,solar,CSP,2085,0.1938
HB,electricity,solar,CSP,2085,0.1596
HE,electricity,solar,CSP,2085,0.2888
HI,electricity,solar,CSP,2085,0.2357
HL,electricity,solar,CSP,2085,0.2439
HN,electricity,solar,CSP,2085,0.1471
JL,electricity,solar,CSP,2085,0.2365
JS,electricity,solar,CSP,2085,0.2064
JX,electricity,solar,CSP,2085,0.1761
LN,electricity,solar,CSP,2085,0.2531
NM,electricity,solar,CSP,2085,0.3481
NX,electricity,solar,CSP,2085,0.343
QH,electricity,solar,CSP,2085,0.4579
SC,electricity,solar,CSP,2085,0.212
SD,electricity,solar,CSP,2085,0.2404
SH,electricity,solar,CSP,2085,0.1953
SN,electricity,solar,CSP,2085,0.2554
SX,electricity,solar,CSP,2085,0.3119
TJ,electricity,solar,CSP,2085,0.261
XJ,electricity,solar,CSP,2085,0.3255
XZ,electricity,solar,CSP,2085,0.5759
YN,electricity,solar,CSP,2085,0.3269
ZJ,electricity,solar,CSP,2085,0.1933
JS,elect_td_bld,rooftop_pv,rooftop_pv,1975,0.203902275
BJ,electricity,solar,CSP_storage,2085,0.5756
CQ,electricity,solar,CSP_storage,2085,0.2498
FJ,electricity,solar,CSP_storage,2085,0.3795
GD,electricity,solar,CSP_storage,2085,0.3376
GS,electricity,solar,CSP_storage,2085,0.6991
GX,electricity,solar,CSP_storage,2085,0.3218
GZ,electricity,solar,CSP_storage,2085,0.3627
HA,electricity,solar,CSP_storage,2085,0.3851
HB,electricity,solar,CSP_storage,2085,0.3171
HE,electricity,solar,CSP_storage,2085,0.5741
HI,electricity,solar,CSP_storage,2085,0.4686
HL,electricity,solar,CSP_storage,2085,0.4847
HN,electricity,solar,CSP_storage,2085,0.2923
JL,electricity,solar,CSP_storage,2085,0.4701
JS,electricity,solar,CSP_storage,2085,0.4102
JX,electricity,solar,CSP_storage,2085,0.35
LN,electricity,solar,CSP_storage,2085,0.503
NM,electricity,solar,CSP_storage,2085,0.6918
NX,electricity,solar,CSP_storage,2085,0.6817
QH,electricity,solar,CSP_storage,2085,0.9101
SC,electricity,solar,CSP_storage,2085,0.4214
SD,electricity,solar,CSP_storage,2085,0.4779
SH,electricity,solar,CSP_storage,2085,0.3882
SN,electricity,solar,CSP_storage,2085,0.5077
SX,electricity,solar,CSP_storage,2085,0.62
TJ,electricity,solar,CSP_storage,2085,0.5188
XJ,electricity,solar,CSP_storage,2085,0.647
XZ,electricity,solar,CSP_storage,2085,1.1447
YN,electricity,solar,CSP_storage,2085,0.6498
ZJ,electricity,solar,CSP_storage,2085,0.3842
JX,elect_td_bld,rooftop_pv,rooftop_pv,1975,0.203902275
BJ,electricity,solar,CSP,2090,0.2896
CQ,electricity,solar,CSP,2090,0.1257
FJ,electricity,solar,CSP,2090,0.1909
GD,electricity,solar,CSP,2090,0.1699
GS,electricity,solar,CSP,2090,0.3518
GX,electricity,solar,CSP,2090,0.1619
GZ,electricity,solar,CSP,2090,0.1825
HA,electricity,solar,CSP,2090,0.1938
HB,electricity,solar,CSP,2090,0.1596
HE,electricity,solar,CSP,2090,0.2888
HI,electricity,solar,CSP,2090,0.2357
HL,electricity,solar,CSP,2090,0.2439
HN,electricity,solar,CSP,2090,0.1471
JL,electricity,solar,CSP,2090,0.2365
JS,electricity,solar,CSP,2090,0.2064
JX,electricity,solar,CSP,2090,0.1761
LN,electricity,solar,CSP,2090,0.2531
NM,electricity,solar,CSP,2090,0.3481
NX,electricity,solar,CSP,2090,0.343
QH,electricity,solar,CSP,2090,0.4579
SC,electricity,solar,CSP,2090,0.212
SD,electricity,solar,CSP,2090,0.2404
SH,electricity,solar,CSP,2090,0.1953
SN,electricity,solar,CSP,2090,0.2554
SX,electricity,solar,CSP,2090,0.3119
TJ,electricity,solar,CSP,2090,0.261
XJ,electricity,solar,CSP,2090,0.3255
XZ,electricity,solar,CSP,2090,0.5759
YN,electricity,solar,CSP,2090,0.3269
ZJ,electricity,solar,CSP,2090,0.1933
LN,elect_td_bld,rooftop_pv,rooftop_pv,1975,0.203902275
BJ,electricity,solar,CSP_storage,2090,0.5756
CQ,electricity,solar,CSP_storage,2090,0.2498
FJ,electricity,solar,CSP_storage,2090,0.3795
GD,electricity,solar,CSP_storage,2090,0.3376
GS,electricity,solar,CSP_storage,2090,0.6991
GX,electricity,solar,CSP_storage,2090,0.3218
GZ,electricity,solar,CSP_storage,2090,0.3627
HA,electricity,solar,CSP_storage,2090,0.3851
HB,electricity,solar,CSP_storage,2090,0.3171
HE,electricity,solar,CSP_storage,2090,0.5741
HI,electricity,solar,CSP_storage,2090,0.4686
HL,electricity,solar,CSP_storage,2090,0.4847
HN,electricity,solar,CSP_storage,2090,0.2923
JL,electricity,solar,CSP_storage,2090,0.4701
JS,electricity,solar,CSP_storage,2090,0.4102
JX,electricity,solar,CSP_storage,2090,0.35
LN,electricity,solar,CSP_storage,2090,0.503
NM,electricity,solar,CSP_storage,2090,0.6918
NX,electricity,solar,CSP_storage,2090,0.6817
QH,electricity,solar,CSP_storage,2090,0.9101
SC,electricity,solar,CSP_storage,2090,0.4214
SD,electricity,solar,CSP_storage,2090,0.4779
SH,electricity,solar,CSP_storage,2090,0.3882
SN,electricity,solar,CSP_storage,2090,0.5077
SX,electricity,solar,CSP_storage,2090,0.62
TJ,electricity,solar,CSP_storage,2090,0.5188
XJ,electricity,solar,CSP_storage,2090,0.647
XZ,electricity,solar,CSP_storage,2090,1.1447
YN,electricity,solar,CSP_storage,2090,0.6498
ZJ,electricity,solar,CSP_storage,2090,0.3842
NM,elect_td_bld,rooftop_pv,rooftop_pv,1975,0.203902275
BJ,electricity,solar,CSP,2095,0.2896
CQ,electricity,solar,CSP,2095,0.1257
FJ,electricity,solar,CSP,2095,0.1909
GD,electricity,solar,CSP,2095,0.1699
GS,electricity,solar,CSP,2095,0.3518
GX,electricity,solar,CSP,2095,0.1619
GZ,electricity,solar,CSP,2095,0.1825
HA,electricity,solar,CSP,2095,0.1938
HB,electricity,solar,CSP,2095,0.1596
HE,electricity,solar,CSP,2095,0.2888
HI,electricity,solar,CSP,2095,0.2357
HL,electricity,solar,CSP,2095,0.2439
HN,electricity,solar,CSP,2095,0.1471
JL,electricity,solar,CSP,2095,0.2365
JS,electricity,solar,CSP,2095,0.2064
JX,electricity,solar,CSP,2095,0.1761
LN,electricity,solar,CSP,2095,0.2531
NM,electricity,solar,CSP,2095,0.3481
NX,electricity,solar,CSP,2095,0.343
QH,electricity,solar,CSP,2095,0.4579
SC,electricity,solar,CSP,2095,0.212
SD,electricity,solar,CSP,2095,0.2404
SH,electricity,solar,CSP,2095,0.1953
SN,electricity,solar,CSP,2095,0.2554
SX,electricity,solar,CSP,2095,0.3119
TJ,electricity,solar,CSP,2095,0.261
XJ,electricity,solar,CSP,2095,0.3255
XZ,electricity,solar,CSP,2095,0.5759
YN,electricity,solar,CSP,2095,0.3269
ZJ,electricity,solar,CSP,2095,0.1933
NX,elect_td_bld,rooftop_pv,rooftop_pv,1975,0.203902275
BJ,electricity,solar,CSP_storage,2095,0.5756
CQ,electricity,solar,CSP_storage,2095,0.2498
FJ,electricity,solar,CSP_storage,2095,0.3795
GD,electricity,solar,CSP_storage,2095,0.3376
GS,electricity,solar,CSP_storage,2095,0.6991
GX,electricity,solar,CSP_storage,2095,0.3218
GZ,electricity,solar,CSP_storage,2095,0.3627
HA,electricity,solar,CSP_storage,2095,0.3851
HB,electricity,solar,CSP_storage,2095,0.3171
HE,electricity,solar,CSP_storage,2095,0.5741
HI,electricity,solar,CSP_storage,2095,0.4686
HL,electricity,solar,CSP_storage,2095,0.4847
HN,electricity,solar,CSP_storage,2095,0.2923
JL,electricity,solar,CSP_storage,2095,0.4701
JS,electricity,solar,CSP_storage,2095,0.4102
JX,electricity,solar,CSP_storage,2095,0.35
LN,electricity,solar,CSP_storage,2095,0.503
NM,electricity,solar,CSP_storage,2095,0.6918
NX,electricity,solar,CSP_storage,2095,0.6817
QH,electricity,solar,CSP_storage,2095,0.9101
SC,electricity,solar,CSP_storage,2095,0.4214
SD,electricity,solar,CSP_storage,2095,0.4779
SH,electricity,solar,CSP_storage,2095,0.3882
SN,electricity,solar,CSP_storage,2095,0.5077
SX,electricity,solar,CSP_storage,2095,0.62
TJ,electricity,solar,CSP_storage,2095,0.5188
XJ,electricity,solar,CSP_storage,2095,0.647
XZ,electricity,solar,CSP_storage,2095,1.1447
YN,electricity,solar,CSP_storage,2095,0.6498
ZJ,electricity,solar,CSP_storage,2095,0.3842
QH,elect_td_bld,rooftop_pv,rooftop_pv,1975,0.203902275
BJ,electricity,solar,CSP,2100,0.2896
CQ,electricity,solar,CSP,2100,0.1257
FJ,electricity,solar,CSP,2100,0.1909
GD,electricity,solar,CSP,2100,0.1699
GS,electricity,solar,CSP,2100,0.3518
GX,electricity,solar,CSP,2100,0.1619
GZ,electricity,solar,CSP,2100,0.1825
HA,electricity,solar,CSP,2100,0.1938
HB,electricity,solar,CSP,2100,0.1596
HE,electricity,solar,CSP,2100,0.2888
HI,electricity,solar,CSP,2100,0.2357
HL,electricity,solar,CSP,2100,0.2439
HN,electricity,solar,CSP,2100,0.1471
JL,electricity,solar,CSP,2100,0.2365
JS,electricity,solar,CSP,2100,0.2064
JX,electricity,solar,CSP,2100,0.1761
LN,electricity,solar,CSP,2100,0.2531
NM,electricity,solar,CSP,2100,0.3481
NX,electricity,solar,CSP,2100,0.343
QH,electricity,solar,CSP,2100,0.4579
SC,electricity,solar,CSP,2100,0.212
SD,electricity,solar,CSP,2100,0.2404
SH,electricity,solar,CSP,2100,0.1953
SN,electricity,solar,CSP,2100,0.2554
SX,electricity,solar,CSP,2100,0.3119
TJ,electricity,solar,CSP,2100,0.261
XJ,electricity,solar,CSP,2100,0.3255
XZ,electricity,solar,CSP,2100,0.5759
YN,electricity,solar,CSP,2100,0.3269
ZJ,electricity,solar,CSP,2100,0.1933
SC,elect_td_bld,rooftop_pv,rooftop_pv,1975,0.203902275
BJ,electricity,solar,CSP_storage,2100,0.5756
CQ,electricity,solar,CSP_storage,2100,0.2498
FJ,electricity,solar,CSP_storage,2100,0.3795
GD,electricity,solar,CSP_storage,2100,0.3376
GS,electricity,solar,CSP_storage,2100,0.6991
GX,electricity,solar,CSP_storage,2100,0.3218
GZ,electricity,solar,CSP_storage,2100,0.3627
HA,electricity,solar,CSP_storage,2100,0.3851
HB,electricity,solar,CSP_storage,2100,0.3171
HE,electricity,solar,CSP_storage,2100,0.5741
HI,electricity,solar,CSP_storage,2100,0.4686
HL,electricity,solar,CSP_storage,2100,0.4847
HN,electricity,solar,CSP_storage,2100,0.2923
JL,electricity,solar,CSP_storage,2100,0.4701
JS,electricity,solar,CSP_storage,2100,0.4102
JX,electricity,solar,CSP_storage,2100,0.35
LN,electricity,solar,CSP_storage,2100,0.503
NM,electricity,solar,CSP_storage,2100,0.6918
NX,electricity,solar,CSP_storage,2100,0.6817
QH,electricity,solar,CSP_storage,2100,0.9101
SC,electricity,solar,CSP_storage,2100,0.4214
SD,electricity,solar,CSP_storage,2100,0.4779
SH,electricity,solar,CSP_storage,2100,0.3882
SN,electricity,solar,CSP_storage,2100,0.5077
SX,electricity,solar,CSP_storage,2100,0.62
TJ,electricity,solar,CSP_storage,2100,0.5188
XJ,electricity,solar,CSP_storage,2100,0.647
XZ,electricity,solar,CSP_storage,2100,1.1447
YN,electricity,solar,CSP_storage,2100,0.6498
ZJ,electricity,solar,CSP_storage,2100,0.3842
SD,elect_td_bld,rooftop_pv,rooftop_pv,1975,0.203902275
BJ,electricity,wind,wind_storage,1975,0.22
CQ,electricity,wind,wind_storage,1975,0.45
FJ,electricity,wind,wind_storage,1975,0.29
GD,electricity,wind,wind_storage,1975,0.3
GS,electricity,wind,wind_storage,1975,0.4
GX,electricity,wind,wind_storage,1975,0.22
GZ,electricity,wind,wind_storage,1975,0.34
HA,electricity,wind,wind_storage,1975,0.17
HB,electricity,wind,wind_storage,1975,0.24
HE,electricity,wind,wind_storage,1975,0.34
HI,electricity,wind,wind_storage,1975,0.38
HL,electricity,wind,wind_storage,1975,0.21
HN,electricity,wind,wind_storage,1975,0.27
JL,electricity,wind,wind_storage,1975,0.38
JS,electricity,wind,wind_storage,1975,0.29
JX,electricity,wind,wind_storage,1975,0.39
LN,electricity,wind,wind_storage,1975,0.29
NM,electricity,wind,wind_storage,1975,0.21
NX,electricity,wind,wind_storage,1975,0.18
QH,electricity,wind,wind_storage,1975,0.28
SC,electricity,wind,wind_storage,1975,0.23
SD,electricity,wind,wind_storage,1975,0.27
SH,electricity,wind,wind_storage,1975,0.24
SN,electricity,wind,wind_storage,1975,0.36
SX,electricity,wind,wind_storage,1975,0.23
TJ,electricity,wind,wind_storage,1975,0.27
XJ,electricity,wind,wind_storage,1975,0.32
XZ,electricity,wind,wind_storage,1975,0.29
YN,electricity,wind,wind_storage,1975,0.26
ZJ,electricity,wind,wind_storage,1975,0.32
SH,elect_td_bld,rooftop_pv,rooftop_pv,1975,0.203902275
BJ,electricity,wind,wind_storage,1990,0.22
CQ,electricity,wind,wind_storage,1990,0.45
FJ,electricity,wind,wind_storage,1990,0.29
GD,electricity,wind,wind_storage,1990,0.3
GS,electricity,wind,wind_storage,1990,0.4
GX,electricity,wind,wind_storage,1990,0.22
GZ,electricity,wind,wind_storage,1990,0.34
HA,electricity,wind,wind_storage,1990,0.17
HB,electricity,wind,wind_storage,1990,0.24
HE,electricity,wind,wind_storage,1990,0.34
HI,electricity,wind,wind_storage,1990,0.38
HL,electricity,wind,wind_storage,1990,0.21
HN,electricity,wind,wind_storage,1990,0.27
JL,electricity,wind,wind_storage,1990,0.38
JS,electricity,wind,wind_storage,1990,0.29
JX,electricity,wind,wind_storage,1990,0.39
LN,electricity,wind,wind_storage,1990,0.29
NM,electricity,wind,wind_storage,1990,0.21
NX,electricity,wind,wind_storage,1990,0.18
QH,electricity,wind,wind_storage,1990,0.28
SC,electricity,wind,wind_storage,1990,0.23
SD,electricity,wind,wind_storage,1990,0.27
SH,electricity,wind,wind_storage,1990,0.24
SN,electricity,wind,wind_storage,1990,0.36
SX,electricity,wind,wind_storage,1990,0.23
TJ,electricity,wind,wind_storage,1990,0.27
XJ,electricity,wind,wind_storage,1990,0.32
XZ,electricity,wind,wind_storage,1990,0.29
YN,electricity,wind,wind_storage,1990,0.26
ZJ,electricity,wind,wind_storage,1990,0.32
SN,elect_td_bld,rooftop_pv,rooftop_pv,1975,0.203902275
BJ,electricity,wind,wind_storage,2005,0.22
CQ,electricity,wind,wind_storage,2005,0.45
FJ,electricity,wind,wind_storage,2005,0.29
GD,electricity,wind,wind_storage,2005,0.3
GS,electricity,wind,wind_storage,2005,0.4
GX,electricity,wind,wind_storage,2005,0.22
GZ,electricity,wind,wind_storage,2005,0.34
HA,electricity,wind,wind_storage,2005,0.17
HB,electricity,wind,wind_storage,2005,0.24
HE,electricity,wind,wind_storage,2005,0.34
HI,electricity,wind,wind_storage,2005,0.38
HL,electricity,wind,wind_storage,2005,0.21
HN,electricity,wind,wind_storage,2005,0.27
JL,electricity,wind,wind_storage,2005,0.38
JS,electricity,wind,wind_storage,2005,0.29
JX,electricity,wind,wind_storage,2005,0.39
LN,electricity,wind,wind_storage,2005,0.29
NM,electricity,wind,wind_storage,2005,0.21
NX,electricity,wind,wind_storage,2005,0.18
QH,electricity,wind,wind_storage,2005,0.28
SC,electricity,wind,wind_storage,2005,0.23
SD,electricity,wind,wind_storage,2005,0.27
SH,electricity,wind,wind_storage,2005,0.24
SN,electricity,wind,wind_storage,2005,0.36
SX,electricity,wind,wind_storage,2005,0.23
TJ,electricity,wind,wind_storage,2005,0.27
XJ,electricity,wind,wind_storage,2005,0.32
XZ,electricity,wind,wind_storage,2005,0.29
YN,electricity,wind,wind_storage,2005,0.26
ZJ,electricity,wind,wind_storage,2005,0.32
SX,elect_td_bld,rooftop_pv,rooftop_pv,1975,0.203902275
BJ,electricity,wind,wind_storage,2010,0.22
CQ,electricity,wind,wind_storage,2010,0.45
FJ,electricity,wind,wind_storage,2010,0.29
GD,electricity,wind,wind_storage,2010,0.3
GS,electricity,wind,wind_storage,2010,0.4
GX,electricity,wind,wind_storage,2010,0.22
GZ,electricity,wind,wind_storage,2010,0.34
HA,electricity,wind,wind_storage,2010,0.17
HB,electricity,wind,wind_storage,2010,0.24
HE,electricity,wind,wind_storage,2010,0.34
HI,electricity,wind,wind_storage,2010,0.38
HL,electricity,wind,wind_storage,2010,0.21
HN,electricity,wind,wind_storage,2010,0.27
JL,electricity,wind,wind_storage,2010,0.38
JS,electricity,wind,wind_storage,2010,0.29
JX,electricity,wind,wind_storage,2010,0.39
LN,electricity,wind,wind_storage,2010,0.29
NM,electricity,wind,wind_storage,2010,0.21
NX,electricity,wind,wind_storage,2010,0.18
QH,electricity,wind,wind_storage,2010,0.28
SC,electricity,wind,wind_storage,2010,0.23
SD,electricity,wind,wind_storage,2010,0.27
SH,electricity,wind,wind_storage,2010,0.24
SN,electricity,wind,wind_storage,2010,0.36
SX,electricity,wind,wind_storage,2010,0.23
TJ,electricity,wind,wind_storage,2010,0.27
XJ,electricity,wind,wind_storage,2010,0.32
XZ,electricity,wind,wind_storage,2010,0.29
YN,electricity,wind,wind_storage,2010,0.26
ZJ,electricity,wind,wind_storage,2010,0.32
TJ,elect_td_bld,rooftop_pv,rooftop_pv,1975,0.203902275
BJ,electricity,wind,wind_storage,2015,0.22
CQ,electricity,wind,wind_storage,2015,0.45
FJ,electricity,wind,wind_storage,2015,0.29
GD,electricity,wind,wind_storage,2015,0.3
GS,electricity,wind,wind_storage,2015,0.4
GX,electricity,wind,wind_storage,2015,0.22
GZ,electricity,wind,wind_storage,2015,0.34
HA,electricity,wind,wind_storage,2015,0.17
HB,electricity,wind,wind_storage,2015,0.24
HE,electricity,wind,wind_storage,2015,0.34
HI,electricity,wind,wind_storage,2015,0.38
HL,electricity,wind,wind_storage,2015,0.21
HN,electricity,wind,wind_storage,2015,0.27
JL,electricity,wind,wind_storage,2015,0.38
JS,electricity,wind,wind_storage,2015,0.29
JX,electricity,wind,wind_storage,2015,0.39
LN,electricity,wind,wind_storage,2015,0.29
NM,electricity,wind,wind_storage,2015,0.21
NX,electricity,wind,wind_storage,2015,0.18
QH,electricity,wind,wind_storage,2015,0.28
SC,electricity,wind,wind_storage,2015,0.23
SD,electricity,wind,wind_storage,2015,0.27
SH,electricity,wind,wind_storage,2015,0.24
SN,electricity,wind,wind_storage,2015,0.36
SX,electricity,wind,wind_storage,2015,0.23
TJ,electricity,wind,wind_storage,2015,0.27
XJ,electricity,wind,wind_storage,2015,0.32
XZ,electricity,wind,wind_storage,2015,0.29
YN,electricity,wind,wind_storage,2015,0.26
ZJ,electricity,wind,wind_storage,2015,0.32
XJ,elect_td_bld,rooftop_pv,rooftop_pv,1975,0.203902275
BJ,electricity,wind,wind_storage,2020,0.22
CQ,electricity,wind,wind_storage,2020,0.45
FJ,electricity,wind,wind_storage,2020,0.29
GD,electricity,wind,wind_storage,2020,0.3
GS,electricity,wind,wind_storage,2020,0.4
GX,electricity,wind,wind_storage,2020,0.22
GZ,electricity,wind,wind_storage,2020,0.34
HA,electricity,wind,wind_storage,2020,0.17
HB,electricity,wind,wind_storage,2020,0.24
HE,electricity,wind,wind_storage,2020,0.34
HI,electricity,wind,wind_storage,2020,0.38
HL,electricity,wind,wind_storage,2020,0.21
HN,electricity,wind,wind_storage,2020,0.27
JL,electricity,wind,wind_storage,2020,0.38
JS,electricity,wind,wind_storage,2020,0.29
JX,electricity,wind,wind_storage,2020,0.39
LN,electricity,wind,wind_storage,2020,0.29
NM,electricity,wind,wind_storage,2020,0.21
NX,electricity,wind,wind_storage,2020,0.18
QH,electricity,wind,wind_storage,2020,0.28
SC,electricity,wind,wind_storage,2020,0.23
SD,electricity,wind,wind_storage,2020,0.27
SH,electricity,wind,wind_storage,2020,0.24
SN,electricity,wind,wind_storage,2020,0.36
SX,electricity,wind,wind_storage,2020,0.23
TJ,electricity,wind,wind_storage,2020,0.27
XJ,electricity,wind,wind_storage,2020,0.32
XZ,electricity,wind,wind_storage,2020,0.29
YN,electricity,wind,wind_storage,2020,0.26
ZJ,electricity,wind,wind_storage,2020,0.32
XZ,elect_td_bld,rooftop_pv,rooftop_pv,1975,0.203902275
BJ,electricity,wind,wind_storage,2025,0.22
CQ,electricity,wind,wind_storage,2025,0.45
FJ,electricity,wind,wind_storage,2025,0.29
GD,electricity,wind,wind_storage,2025,0.3
GS,electricity,wind,wind_storage,2025,0.4
GX,electricity,wind,wind_storage,2025,0.22
GZ,electricity,wind,wind_storage,2025,0.34
HA,electricity,wind,wind_storage,2025,0.17
HB,electricity,wind,wind_storage,2025,0.24
HE,electricity,wind,wind_storage,2025,0.34
HI,electricity,wind,wind_storage,2025,0.38
HL,electricity,wind,wind_storage,2025,0.21
HN,electricity,wind,wind_storage,2025,0.27
JL,electricity,wind,wind_storage,2025,0.38
JS,electricity,wind,wind_storage,2025,0.29
JX,electricity,wind,wind_storage,2025,0.39
LN,electricity,wind,wind_storage,2025,0.29
NM,electricity,wind,wind_storage,2025,0.21
NX,electricity,wind,wind_storage,2025,0.18
QH,electricity,wind,wind_storage,2025,0.28
SC,electricity,wind,wind_storage,2025,0.23
SD,electricity,wind,wind_storage,2025,0.27
SH,electricity,wind,wind_storage,2025,0.24
SN,electricity,wind,wind_storage,2025,0.36
SX,electricity,wind,wind_storage,2025,0.23
TJ,electricity,wind,wind_storage,2025,0.27
XJ,electricity,wind,wind_storage,2025,0.32
XZ,electricity,wind,wind_storage,2025,0.29
YN,electricity,wind,wind_storage,2025,0.26
ZJ,electricity,wind,wind_storage,2025,0.32
YN,elect_td_bld,rooftop_pv,rooftop_pv,1975,0.203902275
BJ,electricity,wind,wind_storage,2030,0.22
CQ,electricity,wind,wind_storage,2030,0.45
FJ,electricity,wind,wind_storage,2030,0.29
GD,electricity,wind,wind_storage,2030,0.3
GS,electricity,wind,wind_storage,2030,0.4
GX,electricity,wind,wind_storage,2030,0.22
GZ,electricity,wind,wind_storage,2030,0.34
HA,electricity,wind,wind_storage,2030,0.17
HB,electricity,wind,wind_storage,2030,0.24
HE,electricity,wind,wind_storage,2030,0.34
HI,electricity,wind,wind_storage,2030,0.38
HL,electricity,wind,wind_storage,2030,0.21
HN,electricity,wind,wind_storage,2030,0.27
JL,electricity,wind,wind_storage,2030,0.38
JS,electricity,wind,wind_storage,2030,0.29
JX,electricity,wind,wind_storage,2030,0.39
LN,electricity,wind,wind_storage,2030,0.29
NM,electricity,wind,wind_storage,2030,0.21
NX,electricity,wind,wind_storage,2030,0.18
QH,electricity,wind,wind_storage,2030,0.28
SC,electricity,wind,wind_storage,2030,0.23
SD,electricity,wind,wind_storage,2030,0.27
SH,electricity,wind,wind_storage,2030,0.24
SN,electricity,wind,wind_storage,2030,0.36
SX,electricity,wind,wind_storage,2030,0.23
TJ,electricity,wind,wind_storage,2030,0.27
XJ,electricity,wind,wind_storage,2030,0.32
XZ,electricity,wind,wind_storage,2030,0.29
YN,electricity,wind,wind_storage,2030,0.26
ZJ,electricity,wind,wind_storage,2030,0.32
ZJ,elect_td_bld,rooftop_pv,rooftop_pv,1975,0.203902275
BJ,electricity,wind,wind_storage,2035,0.22
CQ,electricity,wind,wind_storage,2035,0.45
FJ,electricity,wind,wind_storage,2035,0.29
GD,electricity,wind,wind_storage,2035,0.3
GS,electricity,wind,wind_storage,2035,0.4
GX,electricity,wind,wind_storage,2035,0.22
GZ,electricity,wind,wind_storage,2035,0.34
HA,electricity,wind,wind_storage,2035,0.17
HB,electricity,wind,wind_storage,2035,0.24
HE,electricity,wind,wind_storage,2035,0.34
HI,electricity,wind,wind_storage,2035,0.38
HL,electricity,wind,wind_storage,2035,0.21
HN,electricity,wind,wind_storage,2035,0.27
JL,electricity,wind,wind_storage,2035,0.38
JS,electricity,wind,wind_storage,2035,0.29
JX,electricity,wind,wind_storage,2035,0.39
LN,electricity,wind,wind_storage,2035,0.29
NM,electricity,wind,wind_storage,2035,0.21
NX,electricity,wind,wind_storage,2035,0.18
QH,electricity,wind,wind_storage,2035,0.28
SC,electricity,wind,wind_storage,2035,0.23
SD,electricity,wind,wind_storage,2035,0.27
SH,electricity,wind,wind_storage,2035,0.24
SN,electricity,wind,wind_storage,2035,0.36
SX,electricity,wind,wind_storage,2035,0.23
TJ,electricity,wind,wind_storage,2035,0.27
XJ,electricity,wind,wind_storage,2035,0.32
XZ,electricity,wind,wind_storage,2035,0.29
YN,electricity,wind,wind_storage,2035,0.26
ZJ,electricity,wind,wind_storage,2035,0.32
AH,elect_td_bld,rooftop_pv,rooftop_pv,1990,0.203902275
BJ,electricity,wind,wind_storage,2040,0.22
CQ,electricity,wind,wind_storage,2040,0.45
FJ,electricity,wind,wind_storage,2040,0.29
GD,electricity,wind,wind_storage,2040,0.3
GS,electricity,wind,wind_storage,2040,0.4
GX,electricity,wind,wind_storage,2040,0.22
GZ,electricity,wind,wind_storage,2040,0.34
HA,electricity,wind,wind_storage,2040,0.17
HB,electricity,wind,wind_storage,2040,0.24
HE,electricity,wind,wind_storage,2040,0.34
HI,electricity,wind,wind_storage,2040,0.38
HL,electricity,wind,wind_storage,2040,0.21
HN,electricity,wind,wind_storage,2040,0.27
JL,electricity,wind,wind_storage,2040,0.38
JS,electricity,wind,wind_storage,2040,0.29
JX,electricity,wind,wind_storage,2040,0.39
LN,electricity,wind,wind_storage,2040,0.29
NM,electricity,wind,wind_storage,2040,0.21
NX,electricity,wind,wind_storage,2040,0.18
QH,electricity,wind,wind_storage,2040,0.28
SC,electricity,wind,wind_storage,2040,0.23
SD,electricity,wind,wind_storage,2040,0.27
SH,electricity,wind,wind_storage,2040,0.24
SN,electricity,wind,wind_storage,2040,0.36
SX,electricity,wind,wind_storage,2040,0.23
TJ,electricity,wind,wind_storage,2040,0.27
XJ,electricity,wind,wind_storage,2040,0.32
XZ,electricity,wind,wind_storage,2040,0.29
YN,electricity,wind,wind_storage,2040,0.26
ZJ,electricity,wind,wind_storage,2040,0.32
BJ,elect_td_bld,rooftop_pv,rooftop_pv,1990,0.203902275
BJ,electricity,wind,wind_storage,2045,0.22
CQ,electricity,wind,wind_storage,2045,0.45
FJ,electricity,wind,wind_storage,2045,0.29
GD,electricity,wind,wind_storage,2045,0.3
GS,electricity,wind,wind_storage,2045,0.4
GX,electricity,wind,wind_storage,2045,0.22
GZ,electricity,wind,wind_storage,2045,0.34
HA,electricity,wind,wind_storage,2045,0.17
HB,electricity,wind,wind_storage,2045,0.24
HE,electricity,wind,wind_storage,2045,0.34
HI,electricity,wind,wind_storage,2045,0.38
HL,electricity,wind,wind_storage,2045,0.21
HN,electricity,wind,wind_storage,2045,0.27
JL,electricity,wind,wind_storage,2045,0.38
JS,electricity,wind,wind_storage,2045,0.29
JX,electricity,wind,wind_storage,2045,0.39
LN,electricity,wind,wind_storage,2045,0.29
NM,electricity,wind,wind_storage,2045,0.21
NX,electricity,wind,wind_storage,2045,0.18
QH,electricity,wind,wind_storage,2045,0.28
SC,electricity,wind,wind_storage,2045,0.23
SD,electricity,wind,wind_storage,2045,0.27
SH,electricity,wind,wind_storage,2045,0.24
SN,electricity,wind,wind_storage,2045,0.36
SX,electricity,wind,wind_storage,2045,0.23
TJ,electricity,wind,wind_storage,2045,0.27
XJ,electricity,wind,wind_storage,2045,0.32
XZ,electricity,wind,wind_storage,2045,0.29
YN,electricity,wind,wind_storage,2045,0.26
ZJ,electricity,wind,wind_storage,2045,0.32
CQ,elect_td_bld,rooftop_pv,rooftop_pv,1990,0.203902275
BJ,electricity,wind,wind_storage,2050,0.22
CQ,electricity,wind,wind_storage,2050,0.45
FJ,electricity,wind,wind_storage,2050,0.29
GD,electricity,wind,wind_storage,2050,0.3
GS,electricity,wind,wind_storage,2050,0.4
GX,electricity,wind,wind_storage,2050,0.22
GZ,electricity,wind,wind_storage,2050,0.34
HA,electricity,wind,wind_storage,2050,0.17
HB,electricity,wind,wind_storage,2050,0.24
HE,electricity,wind,wind_storage,2050,0.34
HI,electricity,wind,wind_storage,2050,0.38
HL,electricity,wind,wind_storage,2050,0.21
HN,electricity,wind,wind_storage,2050,0.27
JL,electricity,wind,wind_storage,2050,0.38
JS,electricity,wind,wind_storage,2050,0.29
JX,electricity,wind,wind_storage,2050,0.39
LN,electricity,wind,wind_storage,2050,0.29
NM,electricity,wind,wind_storage,2050,0.21
NX,electricity,wind,wind_storage,2050,0.18
QH,electricity,wind,wind_storage,2050,0.28
SC,electricity,wind,wind_storage,2050,0.23
SD,electricity,wind,wind_storage,2050,0.27
SH,electricity,wind,wind_storage,2050,0.24
SN,electricity,wind,wind_storage,2050,0.36
SX,electricity,wind,wind_storage,2050,0.23
TJ,electricity,wind,wind_storage,2050,0.27
XJ,electricity,wind,wind_storage,2050,0.32
XZ,electricity,wind,wind_storage,2050,0.29
YN,electricity,wind,wind_storage,2050,0.26
ZJ,electricity,wind,wind_storage,2050,0.32
FJ,elect_td_bld,rooftop_pv,rooftop_pv,1990,0.203902275
BJ,electricity,wind,wind_storage,2055,0.22
CQ,electricity,wind,wind_storage,2055,0.45
FJ,electricity,wind,wind_storage,2055,0.29
GD,electricity,wind,wind_storage,2055,0.3
GS,electricity,wind,wind_storage,2055,0.4
GX,electricity,wind,wind_storage,2055,0.22
GZ,electricity,wind,wind_storage,2055,0.34
HA,electricity,wind,wind_storage,2055,0.17
HB,electricity,wind,wind_storage,2055,0.24
HE,electricity,wind,wind_storage,2055,0.34
HI,electricity,wind,wind_storage,2055,0.38
HL,electricity,wind,wind_storage,2055,0.21
HN,electricity,wind,wind_storage,2055,0.27
JL,electricity,wind,wind_storage,2055,0.38
JS,electricity,wind,wind_storage,2055,0.29
JX,electricity,wind,wind_storage,2055,0.39
LN,electricity,wind,wind_storage,2055,0.29
NM,electricity,wind,wind_storage,2055,0.21
NX,electricity,wind,wind_storage,2055,0.18
QH,electricity,wind,wind_storage,2055,0.28
SC,electricity,wind,wind_storage,2055,0.23
SD,electricity,wind,wind_storage,2055,0.27
SH,electricity,wind,wind_storage,2055,0.24
SN,electricity,wind,wind_storage,2055,0.36
SX,electricity,wind,wind_storage,2055,0.23
TJ,electricity,wind,wind_storage,2055,0.27
XJ,electricity,wind,wind_storage,2055,0.32
XZ,electricity,wind,wind_storage,2055,0.29
YN,electricity,wind,wind_storage,2055,0.26
ZJ,electricity,wind,wind_storage,2055,0.32
GD,elect_td_bld,rooftop_pv,rooftop_pv,1990,0.203902275
BJ,electricity,wind,wind_storage,2060,0.22
CQ,electricity,wind,wind_storage,2060,0.45
FJ,electricity,wind,wind_storage,2060,0.29
GD,electricity,wind,wind_storage,2060,0.3
GS,electricity,wind,wind_storage,2060,0.4
GX,electricity,wind,wind_storage,2060,0.22
GZ,electricity,wind,wind_storage,2060,0.34
HA,electricity,wind,wind_storage,2060,0.17
HB,electricity,wind,wind_storage,2060,0.24
HE,electricity,wind,wind_storage,2060,0.34
HI,electricity,wind,wind_storage,2060,0.38
HL,electricity,wind,wind_storage,2060,0.21
HN,electricity,wind,wind_storage,2060,0.27
JL,electricity,wind,wind_storage,2060,0.38
JS,electricity,wind,wind_storage,2060,0.29
JX,electricity,wind,wind_storage,2060,0.39
LN,electricity,wind,wind_storage,2060,0.29
NM,electricity,wind,wind_storage,2060,0.21
NX,electricity,wind,wind_storage,2060,0.18
QH,electricity,wind,wind_storage,2060,0.28
SC,electricity,wind,wind_storage,2060,0.23
SD,electricity,wind,wind_storage,2060,0.27
SH,electricity,wind,wind_storage,2060,0.24
SN,electricity,wind,wind_storage,2060,0.36
SX,electricity,wind,wind_storage,2060,0.23
TJ,electricity,wind,wind_storage,2060,0.27
XJ,electricity,wind,wind_storage,2060,0.32
XZ,electricity,wind,wind_storage,2060,0.29
YN,electricity,wind,wind_storage,2060,0.26
ZJ,electricity,wind,wind_storage,2060,0.32
GS,elect_td_bld,rooftop_pv,rooftop_pv,1990,0.203902275
BJ,electricity,wind,wind_storage,2065,0.22
CQ,electricity,wind,wind_storage,2065,0.45
FJ,electricity,wind,wind_storage,2065,0.29
GD,electricity,wind,wind_storage,2065,0.3
GS,electricity,wind,wind_storage,2065,0.4
GX,electricity,wind,wind_storage,2065,0.22
GZ,electricity,wind,wind_storage,2065,0.34
HA,electricity,wind,wind_storage,2065,0.17
HB,electricity,wind,wind_storage,2065,0.24
HE,electricity,wind,wind_storage,2065,0.34
HI,electricity,wind,wind_storage,2065,0.38
HL,electricity,wind,wind_storage,2065,0.21
HN,electricity,wind,wind_storage,2065,0.27
JL,electricity,wind,wind_storage,2065,0.38
JS,electricity,wind,wind_storage,2065,0.29
JX,electricity,wind,wind_storage,2065,0.39
LN,electricity,wind,wind_storage,2065,0.29
NM,electricity,wind,wind_storage,2065,0.21
NX,electricity,wind,wind_storage,2065,0.18
QH,electricity,wind,wind_storage,2065,0.28
SC,electricity,wind,wind_storage,2065,0.23
SD,electricity,wind,wind_storage,2065,0.27
SH,electricity,wind,wind_storage,2065,0.24
SN,electricity,wind,wind_storage,2065,0.36
SX,electricity,wind,wind_storage,2065,0.23
TJ,electricity,wind,wind_storage,2065,0.27
XJ,electricity,wind,wind_storage,2065,0.32
XZ,electricity,wind,wind_storage,2065,0.29
YN,electricity,wind,wind_storage,2065,0.26
ZJ,electricity,wind,wind_storage,2065,0.32
GX,elect_td_bld,rooftop_pv,rooftop_pv,1990,0.203902275
BJ,electricity,wind,wind_storage,2070,0.22
CQ,electricity,wind,wind_storage,2070,0.45
FJ,electricity,wind,wind_storage,2070,0.29
GD,electricity,wind,wind_storage,2070,0.3
GS,electricity,wind,wind_storage,2070,0.4
GX,electricity,wind,wind_storage,2070,0.22
GZ,electricity,wind,wind_storage,2070,0.34
HA,electricity,wind,wind_storage,2070,0.17
HB,electricity,wind,wind_storage,2070,0.24
HE,electricity,wind,wind_storage,2070,0.34
HI,electricity,wind,wind_storage,2070,0.38
HL,electricity,wind,wind_storage,2070,0.21
HN,electricity,wind,wind_storage,2070,0.27
JL,electricity,wind,wind_storage,2070,0.38
JS,electricity,wind,wind_storage,2070,0.29
JX,electricity,wind,wind_storage,2070,0.39
LN,electricity,wind,wind_storage,2070,0.29
NM,electricity,wind,wind_storage,2070,0.21
NX,electricity,wind,wind_storage,2070,0.18
QH,electricity,wind,wind_storage,2070,0.28
SC,electricity,wind,wind_storage,2070,0.23
SD,electricity,wind,wind_storage,2070,0.27
SH,electricity,wind,wind_storage,2070,0.24
SN,electricity,wind,wind_storage,2070,0.36
SX,electricity,wind,wind_storage,2070,0.23
TJ,electricity,wind,wind_storage,2070,0.27
XJ,electricity,wind,wind_storage,2070,0.32
XZ,electricity,wind,wind_storage,2070,0.29
YN,electricity,wind,wind_storage,2070,0.26
ZJ,electricity,wind,wind_storage,2070,0.32
GZ,elect_td_bld,rooftop_pv,rooftop_pv,1990,0.203902275
BJ,electricity,wind,wind_storage,2075,0.22
CQ,electricity,wind,wind_storage,2075,0.45
FJ,electricity,wind,wind_storage,2075,0.29
GD,electricity,wind,wind_storage,2075,0.3
GS,electricity,wind,wind_storage,2075,0.4
GX,electricity,wind,wind_storage,2075,0.22
GZ,electricity,wind,wind_storage,2075,0.34
HA,electricity,wind,wind_storage,2075,0.17
HB,electricity,wind,wind_storage,2075,0.24
HE,electricity,wind,wind_storage,2075,0.34
HI,electricity,wind,wind_storage,2075,0.38
HL,electricity,wind,wind_storage,2075,0.21
HN,electricity,wind,wind_storage,2075,0.27
JL,electricity,wind,wind_storage,2075,0.38
JS,electricity,wind,wind_storage,2075,0.29
JX,electricity,wind,wind_storage,2075,0.39
LN,electricity,wind,wind_storage,2075,0.29
NM,electricity,wind,wind_storage,2075,0.21
NX,electricity,wind,wind_storage,2075,0.18
QH,electricity,wind,wind_storage,2075,0.28
SC,electricity,wind,wind_storage,2075,0.23
SD,electricity,wind,wind_storage,2075,0.27
SH,electricity,wind,wind_storage,2075,0.24
SN,electricity,wind,wind_storage,2075,0.36
SX,electricity,wind,wind_storage,2075,0.23
TJ,electricity,wind,wind_storage,2075,0.27
XJ,electricity,wind,wind_storage,2075,0.32
XZ,electricity,wind,wind_storage,2075,0.29
YN,electricity,wind,wind_storage,2075,0.26
ZJ,electricity,wind,wind_storage,2075,0.32
HA,elect_td_bld,rooftop_pv,rooftop_pv,1990,0.203902275
BJ,electricity,wind,wind_storage,2080,0.22
CQ,electricity,wind,wind_storage,2080,0.45
FJ,electricity,wind,wind_storage,2080,0.29
GD,electricity,wind,wind_storage,2080,0.3
GS,electricity,wind,wind_storage,2080,0.4
GX,electricity,wind,wind_storage,2080,0.22
GZ,electricity,wind,wind_storage,2080,0.34
HA,electricity,wind,wind_storage,2080,0.17
HB,electricity,wind,wind_storage,2080,0.24
HE,electricity,wind,wind_storage,2080,0.34
HI,electricity,wind,wind_storage,2080,0.38
HL,electricity,wind,wind_storage,2080,0.21
HN,electricity,wind,wind_storage,2080,0.27
JL,electricity,wind,wind_storage,2080,0.38
JS,electricity,wind,wind_storage,2080,0.29
JX,electricity,wind,wind_storage,2080,0.39
LN,electricity,wind,wind_storage,2080,0.29
NM,electricity,wind,wind_storage,2080,0.21
NX,electricity,wind,wind_storage,2080,0.18
QH,electricity,wind,wind_storage,2080,0.28
SC,electricity,wind,wind_storage,2080,0.23
SD,electricity,wind,wind_storage,2080,0.27
SH,electricity,wind,wind_storage,2080,0.24
SN,electricity,wind,wind_storage,2080,0.36
SX,electricity,wind,wind_storage,2080,0.23
TJ,electricity,wind,wind_storage,2080,0.27
XJ,electricity,wind,wind_storage,2080,0.32
XZ,electricity,wind,wind_storage,2080,0.29
YN,electricity,wind,wind_storage,2080,0.26
ZJ,electricity,wind,wind_storage,2080,0.32
HB,elect_td_bld,rooftop_pv,rooftop_pv,1990,0.203902275
BJ,electricity,wind,wind_storage,2085,0.22
CQ,electricity,wind,wind_storage,2085,0.45
FJ,electricity,wind,wind_storage,2085,0.29
GD,electricity,wind,wind_storage,2085,0.3
GS,electricity,wind,wind_storage,2085,0.4
GX,electricity,wind,wind_storage,2085,0.22
GZ,electricity,wind,wind_storage,2085,0.34
HA,electricity,wind,wind_storage,2085,0.17
HB,electricity,wind,wind_storage,2085,0.24
HE,electricity,wind,wind_storage,2085,0.34
HI,electricity,wind,wind_storage,2085,0.38
HL,electricity,wind,wind_storage,2085,0.21
HN,electricity,wind,wind_storage,2085,0.27
JL,electricity,wind,wind_storage,2085,0.38
JS,electricity,wind,wind_storage,2085,0.29
JX,electricity,wind,wind_storage,2085,0.39
LN,electricity,wind,wind_storage,2085,0.29
NM,electricity,wind,wind_storage,2085,0.21
NX,electricity,wind,wind_storage,2085,0.18
QH,electricity,wind,wind_storage,2085,0.28
SC,electricity,wind,wind_storage,2085,0.23
SD,electricity,wind,wind_storage,2085,0.27
SH,electricity,wind,wind_storage,2085,0.24
SN,electricity,wind,wind_storage,2085,0.36
SX,electricity,wind,wind_storage,2085,0.23
TJ,electricity,wind,wind_storage,2085,0.27
XJ,electricity,wind,wind_storage,2085,0.32
XZ,electricity,wind,wind_storage,2085,0.29
YN,electricity,wind,wind_storage,2085,0.26
ZJ,electricity,wind,wind_storage,2085,0.32
HE,elect_td_bld,rooftop_pv,rooftop_pv,1990,0.203902275
BJ,electricity,wind,wind_storage,2090,0.22
CQ,electricity,wind,wind_storage,2090,0.45
FJ,electricity,wind,wind_storage,2090,0.29
GD,electricity,wind,wind_storage,2090,0.3
GS,electricity,wind,wind_storage,2090,0.4
GX,electricity,wind,wind_storage,2090,0.22
GZ,electricity,wind,wind_storage,2090,0.34
HA,electricity,wind,wind_storage,2090,0.17
HB,electricity,wind,wind_storage,2090,0.24
HE,electricity,wind,wind_storage,2090,0.34
HI,electricity,wind,wind_storage,2090,0.38
HL,electricity,wind,wind_storage,2090,0.21
HN,electricity,wind,wind_storage,2090,0.27
JL,electricity,wind,wind_storage,2090,0.38
JS,electricity,wind,wind_storage,2090,0.29
JX,electricity,wind,wind_storage,2090,0.39
LN,electricity,wind,wind_storage,2090,0.29
NM,electricity,wind,wind_storage,2090,0.21
NX,electricity,wind,wind_storage,2090,0.18
QH,electricity,wind,wind_storage,2090,0.28
SC,electricity,wind,wind_storage,2090,0.23
SD,electricity,wind,wind_storage,2090,0.27
SH,electricity,wind,wind_storage,2090,0.24
SN,electricity,wind,wind_storage,2090,0.36
SX,electricity,wind,wind_storage,2090,0.23
TJ,electricity,wind,wind_storage,2090,0.27
XJ,electricity,wind,wind_storage,2090,0.32
XZ,electricity,wind,wind_storage,2090,0.29
YN,electricity,wind,wind_storage,2090,0.26
ZJ,electricity,wind,wind_storage,2090,0.32
HI,elect_td_bld,rooftop_pv,rooftop_pv,1990,0.203902275
BJ,electricity,wind,wind_storage,2095,0.22
CQ,electricity,wind,wind_storage,2095,0.45
FJ,electricity,wind,wind_storage,2095,0.29
GD,electricity,wind,wind_storage,2095,0.3
GS,electricity,wind,wind_storage,2095,0.4
GX,electricity,wind,wind_storage,2095,0.22
GZ,electricity,wind,wind_storage,2095,0.34
HA,electricity,wind,wind_storage,2095,0.17
HB,electricity,wind,wind_storage,2095,0.24
HE,electricity,wind,wind_storage,2095,0.34
HI,electricity,wind,wind_storage,2095,0.38
HL,electricity,wind,wind_storage,2095,0.21
HN,electricity,wind,wind_storage,2095,0.27
JL,electricity,wind,wind_storage,2095,0.38
JS,electricity,wind,wind_storage,2095,0.29
JX,electricity,wind,wind_storage,2095,0.39
LN,electricity,wind,wind_storage,2095,0.29
NM,electricity,wind,wind_storage,2095,0.21
NX,electricity,wind,wind_storage,2095,0.18
QH,electricity,wind,wind_storage,2095,0.28
SC,electricity,wind,wind_storage,2095,0.23
SD,electricity,wind,wind_storage,2095,0.27
SH,electricity,wind,wind_storage,2095,0.24
SN,electricity,wind,wind_storage,2095,0.36
SX,electricity,wind,wind_storage,2095,0.23
TJ,electricity,wind,wind_storage,2095,0.27
XJ,electricity,wind,wind_storage,2095,0.32
XZ,electricity,wind,wind_storage,2095,0.29
YN,electricity,wind,wind_storage,2095,0.26
ZJ,electricity,wind,wind_storage,2095,0.32
HL,elect_td_bld,rooftop_pv,rooftop_pv,1990,0.203902275
BJ,electricity,wind,wind_storage,2100,0.22
CQ,electricity,wind,wind_storage,2100,0.45
FJ,electricity,wind,wind_storage,2100,0.29
GD,electricity,wind,wind_storage,2100,0.3
GS,electricity,wind,wind_storage,2100,0.4
GX,electricity,wind,wind_storage,2100,0.22
GZ,electricity,wind,wind_storage,2100,0.34
HA,electricity,wind,wind_storage,2100,0.17
HB,electricity,wind,wind_storage,2100,0.24
HE,electricity,wind,wind_storage,2100,0.34
HI,electricity,wind,wind_storage,2100,0.38
HL,electricity,wind,wind_storage,2100,0.21
HN,electricity,wind,wind_storage,2100,0.27
JL,electricity,wind,wind_storage,2100,0.38
JS,electricity,wind,wind_storage,2100,0.29
JX,electricity,wind,wind_storage,2100,0.39
LN,electricity,wind,wind_storage,2100,0.29
NM,electricity,wind,wind_storage,2100,0.21
NX,electricity,wind,wind_storage,2100,0.18
QH,electricity,wind,wind_storage,2100,0.28
SC,electricity,wind,wind_storage,2100,0.23
SD,electricity,wind,wind_storage,2100,0.27
SH,electricity,wind,wind_storage,2100,0.24
SN,electricity,wind,wind_storage,2100,0.36
SX,electricity,wind,wind_storage,2100,0.23
TJ,electricity,wind,wind_storage,2100,0.27
XJ,electricity,wind,wind_storage,2100,0.32
XZ,electricity,wind,wind_storage,2100,0.29
YN,electricity,wind,wind_storage,2100,0.26
ZJ,electricity,wind,wind_storage,2100,0.32
HN,elect_td_bld,rooftop_pv,rooftop_pv,1990,0.203902275
BJ,electricity,wind,wind,1975,0.22
CQ,electricity,wind,wind,1975,0.45
FJ,electricity,wind,wind,1975,0.29
GD,electricity,wind,wind,1975,0.3
GS,electricity,wind,wind,1975,0.4
GX,electricity,wind,wind,1975,0.22
GZ,electricity,wind,wind,1975,0.34
HA,electricity,wind,wind,1975,0.17
HB,electricity,wind,wind,1975,0.24
HE,electricity,wind,wind,1975,0.34
HI,electricity,wind,wind,1975,0.38
HL,electricity,wind,wind,1975,0.21
HN,electricity,wind,wind,1975,0.27
JL,electricity,wind,wind,1975,0.38
JS,electricity,wind,wind,1975,0.29
JX,electricity,wind,wind,1975,0.39
LN,electricity,wind,wind,1975,0.29
NM,electricity,wind,wind,1975,0.21
NX,electricity,wind,wind,1975,0.18
QH,electricity,wind,wind,1975,0.28
SC,electricity,wind,wind,1975,0.23
SD,electricity,wind,wind,1975,0.27
SH,electricity,wind,wind,1975,0.24
SN,electricity,wind,wind,1975,0.36
SX,electricity,wind,wind,1975,0.23
TJ,electricity,wind,wind,1975,0.27
XJ,electricity,wind,wind,1975,0.32
XZ,electricity,wind,wind,1975,0.29
YN,electricity,wind,wind,1975,0.26
ZJ,electricity,wind,wind,1975,0.32
JL,elect_td_bld,rooftop_pv,rooftop_pv,1990,0.203902275
BJ,electricity,wind,wind,1990,0.22
CQ,electricity,wind,wind,1990,0.45
FJ,electricity,wind,wind,1990,0.29
GD,electricity,wind,wind,1990,0.3
GS,electricity,wind,wind,1990,0.4
GX,electricity,wind,wind,1990,0.22
GZ,electricity,wind,wind,1990,0.34
HA,electricity,wind,wind,1990,0.17
HB,electricity,wind,wind,1990,0.24
HE,electricity,wind,wind,1990,0.34
HI,electricity,wind,wind,1990,0.38
HL,electricity,wind,wind,1990,0.21
HN,electricity,wind,wind,1990,0.27
JL,electricity,wind,wind,1990,0.38
JS,electricity,wind,wind,1990,0.29
JX,electricity,wind,wind,1990,0.39
LN,electricity,wind,wind,1990,0.29
NM,electricity,wind,wind,1990,0.21
NX,electricity,wind,wind,1990,0.18
QH,electricity,wind,wind,1990,0.28
SC,electricity,wind,wind,1990,0.23
SD,electricity,wind,wind,1990,0.27
SH,electricity,wind,wind,1990,0.24
SN,electricity,wind,wind,1990,0.36
SX,electricity,wind,wind,1990,0.23
TJ,electricity,wind,wind,1990,0.27
XJ,electricity,wind,wind,1990,0.32
XZ,electricity,wind,wind,1990,0.29
YN,electricity,wind,wind,1990,0.26
ZJ,electricity,wind,wind,1990,0.32
JS,elect_td_bld,rooftop_pv,rooftop_pv,1990,0.203902275
BJ,electricity,wind,wind,2005,0.22
CQ,electricity,wind,wind,2005,0.45
FJ,electricity,wind,wind,2005,0.29
GD,electricity,wind,wind,2005,0.3
GS,electricity,wind,wind,2005,0.4
GX,electricity,wind,wind,2005,0.22
GZ,electricity,wind,wind,2005,0.34
HA,electricity,wind,wind,2005,0.17
HB,electricity,wind,wind,2005,0.24
HE,electricity,wind,wind,2005,0.34
HI,electricity,wind,wind,2005,0.38
HL,electricity,wind,wind,2005,0.21
HN,electricity,wind,wind,2005,0.27
JL,electricity,wind,wind,2005,0.38
JS,electricity,wind,wind,2005,0.29
JX,electricity,wind,wind,2005,0.39
LN,electricity,wind,wind,2005,0.29
NM,electricity,wind,wind,2005,0.21
NX,electricity,wind,wind,2005,0.18
QH,electricity,wind,wind,2005,0.28
SC,electricity,wind,wind,2005,0.23
SD,electricity,wind,wind,2005,0.27
SH,electricity,wind,wind,2005,0.24
SN,electricity,wind,wind,2005,0.36
SX,electricity,wind,wind,2005,0.23
TJ,electricity,wind,wind,2005,0.27
XJ,electricity,wind,wind,2005,0.32
XZ,electricity,wind,wind,2005,0.29
YN,electricity,wind,wind,2005,0.26
ZJ,electricity,wind,wind,2005,0.32
JX,elect_td_bld,rooftop_pv,rooftop_pv,1990,0.203902275
BJ,electricity,wind,wind,2010,0.22
CQ,electricity,wind,wind,2010,0.45
FJ,electricity,wind,wind,2010,0.29
GD,electricity,wind,wind,2010,0.3
GS,electricity,wind,wind,2010,0.4
GX,electricity,wind,wind,2010,0.22
GZ,electricity,wind,wind,2010,0.34
HA,electricity,wind,wind,2010,0.17
HB,electricity,wind,wind,2010,0.24
HE,electricity,wind,wind,2010,0.34
HI,electricity,wind,wind,2010,0.38
HL,electricity,wind,wind,2010,0.21
HN,electricity,wind,wind,2010,0.27
JL,electricity,wind,wind,2010,0.38
JS,electricity,wind,wind,2010,0.29
JX,electricity,wind,wind,2010,0.39
LN,electricity,wind,wind,2010,0.29
NM,electricity,wind,wind,2010,0.21
NX,electricity,wind,wind,2010,0.18
QH,electricity,wind,wind,2010,0.28
SC,electricity,wind,wind,2010,0.23
SD,electricity,wind,wind,2010,0.27
SH,electricity,wind,wind,2010,0.24
SN,electricity,wind,wind,2010,0.36
SX,electricity,wind,wind,2010,0.23
TJ,electricity,wind,wind,2010,0.27
XJ,electricity,wind,wind,2010,0.32
XZ,electricity,wind,wind,2010,0.29
YN,electricity,wind,wind,2010,0.26
ZJ,electricity,wind,wind,2010,0.32
LN,elect_td_bld,rooftop_pv,rooftop_pv,1990,0.203902275
BJ,electricity,wind,wind,2015,0.22
CQ,electricity,wind,wind,2015,0.45
FJ,electricity,wind,wind,2015,0.29
GD,electricity,wind,wind,2015,0.3
GS,electricity,wind,wind,2015,0.4
GX,electricity,wind,wind,2015,0.22
GZ,electricity,wind,wind,2015,0.34
HA,electricity,wind,wind,2015,0.17
HB,electricity,wind,wind,2015,0.24
HE,electricity,wind,wind,2015,0.34
HI,electricity,wind,wind,2015,0.38
HL,electricity,wind,wind,2015,0.21
HN,electricity,wind,wind,2015,0.27
JL,electricity,wind,wind,2015,0.38
JS,electricity,wind,wind,2015,0.29
JX,electricity,wind,wind,2015,0.39
LN,electricity,wind,wind,2015,0.29
NM,electricity,wind,wind,2015,0.21
NX,electricity,wind,wind,2015,0.18
QH,electricity,wind,wind,2015,0.28
SC,electricity,wind,wind,2015,0.23
SD,electricity,wind,wind,2015,0.27
SH,electricity,wind,wind,2015,0.24
SN,electricity,wind,wind,2015,0.36
SX,electricity,wind,wind,2015,0.23
TJ,electricity,wind,wind,2015,0.27
XJ,electricity,wind,wind,2015,0.32
XZ,electricity,wind,wind,2015,0.29
YN,electricity,wind,wind,2015,0.26
ZJ,electricity,wind,wind,2015,0.32
NM,elect_td_bld,rooftop_pv,rooftop_pv,1990,0.203902275
BJ,electricity,wind,wind,2020,0.22
CQ,electricity,wind,wind,2020,0.45
FJ,electricity,wind,wind,2020,0.29
GD,electricity,wind,wind,2020,0.3
GS,electricity,wind,wind,2020,0.4
GX,electricity,wind,wind,2020,0.22
GZ,electricity,wind,wind,2020,0.34
HA,electricity,wind,wind,2020,0.17
HB,electricity,wind,wind,2020,0.24
HE,electricity,wind,wind,2020,0.34
HI,electricity,wind,wind,2020,0.38
HL,electricity,wind,wind,2020,0.21
HN,electricity,wind,wind,2020,0.27
JL,electricity,wind,wind,2020,0.38
JS,electricity,wind,wind,2020,0.29
JX,electricity,wind,wind,2020,0.39
LN,electricity,wind,wind,2020,0.29
NM,electricity,wind,wind,2020,0.21
NX,electricity,wind,wind,2020,0.18
QH,electricity,wind,wind,2020,0.28
SC,electricity,wind,wind,2020,0.23
SD,electricity,wind,wind,2020,0.27
SH,electricity,wind,wind,2020,0.24
SN,electricity,wind,wind,2020,0.36
SX,electricity,wind,wind,2020,0.23
TJ,electricity,wind,wind,2020,0.27
XJ,electricity,wind,wind,2020,0.32
XZ,electricity,wind,wind,2020,0.29
YN,electricity,wind,wind,2020,0.26
ZJ,electricity,wind,wind,2020,0.32
NX,elect_td_bld,rooftop_pv,rooftop_pv,1990,0.203902275
BJ,electricity,wind,wind,2025,0.22
CQ,electricity,wind,wind,2025,0.45
FJ,electricity,wind,wind,2025,0.29
GD,electricity,wind,wind,2025,0.3
GS,electricity,wind,wind,2025,0.4
GX,electricity,wind,wind,2025,0.22
GZ,electricity,wind,wind,2025,0.34
HA,electricity,wind,wind,2025,0.17
HB,electricity,wind,wind,2025,0.24
HE,electricity,wind,wind,2025,0.34
HI,electricity,wind,wind,2025,0.38
HL,electricity,wind,wind,2025,0.21
HN,electricity,wind,wind,2025,0.27
JL,electricity,wind,wind,2025,0.38
JS,electricity,wind,wind,2025,0.29
JX,electricity,wind,wind,2025,0.39
LN,electricity,wind,wind,2025,0.29
NM,electricity,wind,wind,2025,0.21
NX,electricity,wind,wind,2025,0.18
QH,electricity,wind,wind,2025,0.28
SC,electricity,wind,wind,2025,0.23
SD,electricity,wind,wind,2025,0.27
SH,electricity,wind,wind,2025,0.24
SN,electricity,wind,wind,2025,0.36
SX,electricity,wind,wind,2025,0.23
TJ,electricity,wind,wind,2025,0.27
XJ,electricity,wind,wind,2025,0.32
XZ,electricity,wind,wind,2025,0.29
YN,electricity,wind,wind,2025,0.26
ZJ,electricity,wind,wind,2025,0.32
QH,elect_td_bld,rooftop_pv,rooftop_pv,1990,0.203902275
BJ,electricity,wind,wind,2030,0.22
CQ,electricity,wind,wind,2030,0.45
FJ,electricity,wind,wind,2030,0.29
GD,electricity,wind,wind,2030,0.3
GS,electricity,wind,wind,2030,0.4
GX,electricity,wind,wind,2030,0.22
GZ,electricity,wind,wind,2030,0.34
HA,electricity,wind,wind,2030,0.17
HB,electricity,wind,wind,2030,0.24
HE,electricity,wind,wind,2030,0.34
HI,electricity,wind,wind,2030,0.38
HL,electricity,wind,wind,2030,0.21
HN,electricity,wind,wind,2030,0.27
JL,electricity,wind,wind,2030,0.38
JS,electricity,wind,wind,2030,0.29
JX,electricity,wind,wind,2030,0.39
LN,electricity,wind,wind,2030,0.29
NM,electricity,wind,wind,2030,0.21
NX,electricity,wind,wind,2030,0.18
QH,electricity,wind,wind,2030,0.28
SC,electricity,wind,wind,2030,0.23
SD,electricity,wind,wind,2030,0.27
SH,electricity,wind,wind,2030,0.24
SN,electricity,wind,wind,2030,0.36
SX,electricity,wind,wind,2030,0.23
TJ,electricity,wind,wind,2030,0.27
XJ,electricity,wind,wind,2030,0.32
XZ,electricity,wind,wind,2030,0.29
YN,electricity,wind,wind,2030,0.26
ZJ,electricity,wind,wind,2030,0.32
SC,elect_td_bld,rooftop_pv,rooftop_pv,1990,0.203902275
BJ,electricity,wind,wind,2035,0.22
CQ,electricity,wind,wind,2035,0.45
FJ,electricity,wind,wind,2035,0.29
GD,electricity,wind,wind,2035,0.3
GS,electricity,wind,wind,2035,0.4
GX,electricity,wind,wind,2035,0.22
GZ,electricity,wind,wind,2035,0.34
HA,electricity,wind,wind,2035,0.17
HB,electricity,wind,wind,2035,0.24
HE,electricity,wind,wind,2035,0.34
HI,electricity,wind,wind,2035,0.38
HL,electricity,wind,wind,2035,0.21
HN,electricity,wind,wind,2035,0.27
JL,electricity,wind,wind,2035,0.38
JS,electricity,wind,wind,2035,0.29
JX,electricity,wind,wind,2035,0.39
LN,electricity,wind,wind,2035,0.29
NM,electricity,wind,wind,2035,0.21
NX,electricity,wind,wind,2035,0.18
QH,electricity,wind,wind,2035,0.28
SC,electricity,wind,wind,2035,0.23
SD,electricity,wind,wind,2035,0.27
SH,electricity,wind,wind,2035,0.24
SN,electricity,wind,wind,2035,0.36
SX,electricity,wind,wind,2035,0.23
TJ,electricity,wind,wind,2035,0.27
XJ,electricity,wind,wind,2035,0.32
XZ,electricity,wind,wind,2035,0.29
YN,electricity,wind,wind,2035,0.26
ZJ,electricity,wind,wind,2035,0.32
SD,elect_td_bld,rooftop_pv,rooftop_pv,1990,0.203902275
BJ,electricity,wind,wind,2040,0.22
CQ,electricity,wind,wind,2040,0.45
FJ,electricity,wind,wind,2040,0.29
GD,electricity,wind,wind,2040,0.3
GS,electricity,wind,wind,2040,0.4
GX,electricity,wind,wind,2040,0.22
GZ,electricity,wind,wind,2040,0.34
HA,electricity,wind,wind,2040,0.17
HB,electricity,wind,wind,2040,0.24
HE,electricity,wind,wind,2040,0.34
HI,electricity,wind,wind,2040,0.38
HL,electricity,wind,wind,2040,0.21
HN,electricity,wind,wind,2040,0.27
JL,electricity,wind,wind,2040,0.38
JS,electricity,wind,wind,2040,0.29
JX,electricity,wind,wind,2040,0.39
LN,electricity,wind,wind,2040,0.29
NM,electricity,wind,wind,2040,0.21
NX,electricity,wind,wind,2040,0.18
QH,electricity,wind,wind,2040,0.28
SC,electricity,wind,wind,2040,0.23
SD,electricity,wind,wind,2040,0.27
SH,electricity,wind,wind,2040,0.24
SN,electricity,wind,wind,2040,0.36
SX,electricity,wind,wind,2040,0.23
TJ,electricity,wind,wind,2040,0.27
XJ,electricity,wind,wind,2040,0.32
XZ,electricity,wind,wind,2040,0.29
YN,electricity,wind,wind,2040,0.26
ZJ,electricity,wind,wind,2040,0.32
SH,elect_td_bld,rooftop_pv,rooftop_pv,1990,0.203902275
BJ,electricity,wind,wind,2045,0.22
CQ,electricity,wind,wind,2045,0.45
FJ,electricity,wind,wind,2045,0.29
GD,electricity,wind,wind,2045,0.3
GS,electricity,wind,wind,2045,0.4
GX,electricity,wind,wind,2045,0.22
GZ,electricity,wind,wind,2045,0.34
HA,electricity,wind,wind,2045,0.17
HB,electricity,wind,wind,2045,0.24
HE,electricity,wind,wind,2045,0.34
HI,electricity,wind,wind,2045,0.38
HL,electricity,wind,wind,2045,0.21
HN,electricity,wind,wind,2045,0.27
JL,electricity,wind,wind,2045,0.38
JS,electricity,wind,wind,2045,0.29
JX,electricity,wind,wind,2045,0.39
LN,electricity,wind,wind,2045,0.29
NM,electricity,wind,wind,2045,0.21
NX,electricity,wind,wind,2045,0.18
QH,electricity,wind,wind,2045,0.28
SC,electricity,wind,wind,2045,0.23
SD,electricity,wind,wind,2045,0.27
SH,electricity,wind,wind,2045,0.24
SN,electricity,wind,wind,2045,0.36
SX,electricity,wind,wind,2045,0.23
TJ,electricity,wind,wind,2045,0.27
XJ,electricity,wind,wind,2045,0.32
XZ,electricity,wind,wind,2045,0.29
YN,electricity,wind,wind,2045,0.26
ZJ,electricity,wind,wind,2045,0.32
SN,elect_td_bld,rooftop_pv,rooftop_pv,1990,0.203902275
BJ,electricity,wind,wind,2050,0.22
CQ,electricity,wind,wind,2050,0.45
FJ,electricity,wind,wind,2050,0.29
GD,electricity,wind,wind,2050,0.3
GS,electricity,wind,wind,2050,0.4
GX,electricity,wind,wind,2050,0.22
GZ,electricity,wind,wind,2050,0.34
HA,electricity,wind,wind,2050,0.17
HB,electricity,wind,wind,2050,0.24
HE,electricity,wind,wind,2050,0.34
HI,electricity,wind,wind,2050,0.38
HL,electricity,wind,wind,2050,0.21
HN,electricity,wind,wind,2050,0.27
JL,electricity,wind,wind,2050,0.38
JS,electricity,wind,wind,2050,0.29
JX,electricity,wind,wind,2050,0.39
LN,electricity,wind,wind,2050,0.29
NM,electricity,wind,wind,2050,0.21
NX,electricity,wind,wind,2050,0.18
QH,electricity,wind,wind,2050,0.28
SC,electricity,wind,wind,2050,0.23
SD,electricity,wind,wind,2050,0.27
SH,electricity,wind,wind,2050,0.24
SN,electricity,wind,wind,2050,0.36
SX,electricity,wind,wind,2050,0.23
TJ,electricity,wind,wind,2050,0.27
XJ,electricity,wind,wind,2050,0.32
XZ,electricity,wind,wind,2050,0.29
YN,electricity,wind,wind,2050,0.26
ZJ,electricity,wind,wind,2050,0.32
SX,elect_td_bld,rooftop_pv,rooftop_pv,1990,0.203902275
BJ,electricity,wind,wind,2055,0.22
CQ,electricity,wind,wind,2055,0.45
FJ,electricity,wind,wind,2055,0.29
GD,electricity,wind,wind,2055,0.3
GS,electricity,wind,wind,2055,0.4
GX,electricity,wind,wind,2055,0.22
GZ,electricity,wind,wind,2055,0.34
HA,electricity,wind,wind,2055,0.17
HB,electricity,wind,wind,2055,0.24
HE,electricity,wind,wind,2055,0.34
HI,electricity,wind,wind,2055,0.38
HL,electricity,wind,wind,2055,0.21
HN,electricity,wind,wind,2055,0.27
JL,electricity,wind,wind,2055,0.38
JS,electricity,wind,wind,2055,0.29
JX,electricity,wind,wind,2055,0.39
LN,electricity,wind,wind,2055,0.29
NM,electricity,wind,wind,2055,0.21
NX,electricity,wind,wind,2055,0.18
QH,electricity,wind,wind,2055,0.28
SC,electricity,wind,wind,2055,0.23
SD,electricity,wind,wind,2055,0.27
SH,electricity,wind,wind,2055,0.24
SN,electricity,wind,wind,2055,0.36
SX,electricity,wind,wind,2055,0.23
TJ,electricity,wind,wind,2055,0.27
XJ,electricity,wind,wind,2055,0.32
XZ,electricity,wind,wind,2055,0.29
YN,electricity,wind,wind,2055,0.26
ZJ,electricity,wind,wind,2055,0.32
TJ,elect_td_bld,rooftop_pv,rooftop_pv,1990,0.203902275
BJ,electricity,wind,wind,2060,0.22
CQ,electricity,wind,wind,2060,0.45
FJ,electricity,wind,wind,2060,0.29
GD,electricity,wind,wind,2060,0.3
GS,electricity,wind,wind,2060,0.4
GX,electricity,wind,wind,2060,0.22
GZ,electricity,wind,wind,2060,0.34
HA,electricity,wind,wind,2060,0.17
HB,electricity,wind,wind,2060,0.24
HE,electricity,wind,wind,2060,0.34
HI,electricity,wind,wind,2060,0.38
HL,electricity,wind,wind,2060,0.21
HN,electricity,wind,wind,2060,0.27
JL,electricity,wind,wind,2060,0.38
JS,electricity,wind,wind,2060,0.29
JX,electricity,wind,wind,2060,0.39
LN,electricity,wind,wind,2060,0.29
NM,electricity,wind,wind,2060,0.21
NX,electricity,wind,wind,2060,0.18
QH,electricity,wind,wind,2060,0.28
SC,electricity,wind,wind,2060,0.23
SD,electricity,wind,wind,2060,0.27
SH,electricity,wind,wind,2060,0.24
SN,electricity,wind,wind,2060,0.36
SX,electricity,wind,wind,2060,0.23
TJ,electricity,wind,wind,2060,0.27
XJ,electricity,wind,wind,2060,0.32
XZ,electricity,wind,wind,2060,0.29
YN,electricity,wind,wind,2060,0.26
ZJ,electricity,wind,wind,2060,0.32
XJ,elect_td_bld,rooftop_pv,rooftop_pv,1990,0.203902275
BJ,electricity,wind,wind,2065,0.22
CQ,electricity,wind,wind,2065,0.45
FJ,electricity,wind,wind,2065,0.29
GD,electricity,wind,wind,2065,0.3
GS,electricity,wind,wind,2065,0.4
GX,electricity,wind,wind,2065,0.22
GZ,electricity,wind,wind,2065,0.34
HA,electricity,wind,wind,2065,0.17
HB,electricity,wind,wind,2065,0.24
HE,electricity,wind,wind,2065,0.34
HI,electricity,wind,wind,2065,0.38
HL,electricity,wind,wind,2065,0.21
HN,electricity,wind,wind,2065,0.27
JL,electricity,wind,wind,2065,0.38
JS,electricity,wind,wind,2065,0.29
JX,electricity,wind,wind,2065,0.39
LN,electricity,wind,wind,2065,0.29
NM,electricity,wind,wind,2065,0.21
NX,electricity,wind,wind,2065,0.18
QH,electricity,wind,wind,2065,0.28
SC,electricity,wind,wind,2065,0.23
SD,electricity,wind,wind,2065,0.27
SH,electricity,wind,wind,2065,0.24
SN,electricity,wind,wind,2065,0.36
SX,electricity,wind,wind,2065,0.23
TJ,electricity,wind,wind,2065,0.27
XJ,electricity,wind,wind,2065,0.32
XZ,electricity,wind,wind,2065,0.29
YN,electricity,wind,wind,2065,0.26
ZJ,electricity,wind,wind,2065,0.32
XZ,elect_td_bld,rooftop_pv,rooftop_pv,1990,0.203902275
BJ,electricity,wind,wind,2070,0.22
CQ,electricity,wind,wind,2070,0.45
FJ,electricity,wind,wind,2070,0.29
GD,electricity,wind,wind,2070,0.3
GS,electricity,wind,wind,2070,0.4
GX,electricity,wind,wind,2070,0.22
GZ,electricity,wind,wind,2070,0.34
HA,electricity,wind,wind,2070,0.17
HB,electricity,wind,wind,2070,0.24
HE,electricity,wind,wind,2070,0.34
HI,electricity,wind,wind,2070,0.38
HL,electricity,wind,wind,2070,0.21
HN,electricity,wind,wind,2070,0.27
JL,electricity,wind,wind,2070,0.38
JS,electricity,wind,wind,2070,0.29
JX,electricity,wind,wind,2070,0.39
LN,electricity,wind,wind,2070,0.29
NM,electricity,wind,wind,2070,0.21
NX,electricity,wind,wind,2070,0.18
QH,electricity,wind,wind,2070,0.28
SC,electricity,wind,wind,2070,0.23
SD,electricity,wind,wind,2070,0.27
SH,electricity,wind,wind,2070,0.24
SN,electricity,wind,wind,2070,0.36
SX,electricity,wind,wind,2070,0.23
TJ,electricity,wind,wind,2070,0.27
XJ,electricity,wind,wind,2070,0.32
XZ,electricity,wind,wind,2070,0.29
YN,electricity,wind,wind,2070,0.26
ZJ,electricity,wind,wind,2070,0.32
YN,elect_td_bld,rooftop_pv,rooftop_pv,1990,0.203902275
BJ,electricity,wind,wind,2075,0.22
CQ,electricity,wind,wind,2075,0.45
FJ,electricity,wind,wind,2075,0.29
GD,electricity,wind,wind,2075,0.3
GS,electricity,wind,wind,2075,0.4
GX,electricity,wind,wind,2075,0.22
GZ,electricity,wind,wind,2075,0.34
HA,electricity,wind,wind,2075,0.17
HB,electricity,wind,wind,2075,0.24
HE,electricity,wind,wind,2075,0.34
HI,electricity,wind,wind,2075,0.38
HL,electricity,wind,wind,2075,0.21
HN,electricity,wind,wind,2075,0.27
JL,electricity,wind,wind,2075,0.38
JS,electricity,wind,wind,2075,0.29
JX,electricity,wind,wind,2075,0.39
LN,electricity,wind,wind,2075,0.29
NM,electricity,wind,wind,2075,0.21
NX,electricity,wind,wind,2075,0.18
QH,electricity,wind,wind,2075,0.28
SC,electricity,wind,wind,2075,0.23
SD,electricity,wind,wind,2075,0.27
SH,electricity,wind,wind,2075,0.24
SN,electricity,wind,wind,2075,0.36
SX,electricity,wind,wind,2075,0.23
TJ,electricity,wind,wind,2075,0.27
XJ,electricity,wind,wind,2075,0.32
XZ,electricity,wind,wind,2075,0.29
YN,electricity,wind,wind,2075,0.26
ZJ,electricity,wind,wind,2075,0.32
ZJ,elect_td_bld,rooftop_pv,rooftop_pv,1990,0.203902275
BJ,electricity,wind,wind,2080,0.22
CQ,electricity,wind,wind,2080,0.45
FJ,electricity,wind,wind,2080,0.29
GD,electricity,wind,wind,2080,0.3
GS,electricity,wind,wind,2080,0.4
GX,electricity,wind,wind,2080,0.22
GZ,electricity,wind,wind,2080,0.34
HA,electricity,wind,wind,2080,0.17
HB,electricity,wind,wind,2080,0.24
HE,electricity,wind,wind,2080,0.34
HI,electricity,wind,wind,2080,0.38
HL,electricity,wind,wind,2080,0.21
HN,electricity,wind,wind,2080,0.27
JL,electricity,wind,wind,2080,0.38
JS,electricity,wind,wind,2080,0.29
JX,electricity,wind,wind,2080,0.39
LN,electricity,wind,wind,2080,0.29
NM,electricity,wind,wind,2080,0.21
NX,electricity,wind,wind,2080,0.18
QH,electricity,wind,wind,2080,0.28
SC,electricity,wind,wind,2080,0.23
SD,electricity,wind,wind,2080,0.27
SH,electricity,wind,wind,2080,0.24
SN,electricity,wind,wind,2080,0.36
SX,electricity,wind,wind,2080,0.23
TJ,electricity,wind,wind,2080,0.27
XJ,electricity,wind,wind,2080,0.32
XZ,electricity,wind,wind,2080,0.29
YN,electricity,wind,wind,2080,0.26
ZJ,electricity,wind,wind,2080,0.32
AH,elect_td_bld,rooftop_pv,rooftop_pv,2005,0.203902275
BJ,electricity,wind,wind,2085,0.22
CQ,electricity,wind,wind,2085,0.45
FJ,electricity,wind,wind,2085,0.29
GD,electricity,wind,wind,2085,0.3
GS,electricity,wind,wind,2085,0.4
GX,electricity,wind,wind,2085,0.22
GZ,electricity,wind,wind,2085,0.34
HA,electricity,wind,wind,2085,0.17
HB,electricity,wind,wind,2085,0.24
HE,electricity,wind,wind,2085,0.34
HI,electricity,wind,wind,2085,0.38
HL,electricity,wind,wind,2085,0.21
HN,electricity,wind,wind,2085,0.27
JL,electricity,wind,wind,2085,0.38
JS,electricity,wind,wind,2085,0.29
JX,electricity,wind,wind,2085,0.39
LN,electricity,wind,wind,2085,0.29
NM,electricity,wind,wind,2085,0.21
NX,electricity,wind,wind,2085,0.18
QH,electricity,wind,wind,2085,0.28
SC,electricity,wind,wind,2085,0.23
SD,electricity,wind,wind,2085,0.27
SH,electricity,wind,wind,2085,0.24
SN,electricity,wind,wind,2085,0.36
SX,electricity,wind,wind,2085,0.23
TJ,electricity,wind,wind,2085,0.27
XJ,electricity,wind,wind,2085,0.32
XZ,electricity,wind,wind,2085,0.29
YN,electricity,wind,wind,2085,0.26
ZJ,electricity,wind,wind,2085,0.32
BJ,elect_td_bld,rooftop_pv,rooftop_pv,2005,0.203902275
BJ,electricity,wind,wind,2090,0.22
CQ,electricity,wind,wind,2090,0.45
FJ,electricity,wind,wind,2090,0.29
GD,electricity,wind,wind,2090,0.3
GS,electricity,wind,wind,2090,0.4
GX,electricity,wind,wind,2090,0.22
GZ,electricity,wind,wind,2090,0.34
HA,electricity,wind,wind,2090,0.17
HB,electricity,wind,wind,2090,0.24
HE,electricity,wind,wind,2090,0.34
HI,electricity,wind,wind,2090,0.38
HL,electricity,wind,wind,2090,0.21
HN,electricity,wind,wind,2090,0.27
JL,electricity,wind,wind,2090,0.38
JS,electricity,wind,wind,2090,0.29
JX,electricity,wind,wind,2090,0.39
LN,electricity,wind,wind,2090,0.29
NM,electricity,wind,wind,2090,0.21
NX,electricity,wind,wind,2090,0.18
QH,electricity,wind,wind,2090,0.28
SC,electricity,wind,wind,2090,0.23
SD,electricity,wind,wind,2090,0.27
SH,electricity,wind,wind,2090,0.24
SN,electricity,wind,wind,2090,0.36
SX,electricity,wind,wind,2090,0.23
TJ,electricity,wind,wind,2090,0.27
XJ,electricity,wind,wind,2090,0.32
XZ,electricity,wind,wind,2090,0.29
YN,electricity,wind,wind,2090,0.26
ZJ,electricity,wind,wind,2090,0.32
CQ,elect_td_bld,rooftop_pv,rooftop_pv,2005,0.203902275
BJ,electricity,wind,wind,2095,0.22
CQ,electricity,wind,wind,2095,0.45
FJ,electricity,wind,wind,2095,0.29
GD,electricity,wind,wind,2095,0.3
GS,electricity,wind,wind,2095,0.4
GX,electricity,wind,wind,2095,0.22
GZ,electricity,wind,wind,2095,0.34
HA,electricity,wind,wind,2095,0.17
HB,electricity,wind,wind,2095,0.24
HE,electricity,wind,wind,2095,0.34
HI,electricity,wind,wind,2095,0.38
HL,electricity,wind,wind,2095,0.21
HN,electricity,wind,wind,2095,0.27
JL,electricity,wind,wind,2095,0.38
JS,electricity,wind,wind,2095,0.29
JX,electricity,wind,wind,2095,0.39
LN,electricity,wind,wind,2095,0.29
NM,electricity,wind,wind,2095,0.21
NX,electricity,wind,wind,2095,0.18
QH,electricity,wind,wind,2095,0.28
SC,electricity,wind,wind,2095,0.23
SD,electricity,wind,wind,2095,0.27
SH,electricity,wind,wind,2095,0.24
SN,electricity,wind,wind,2095,0.36
SX,electricity,wind,wind,2095,0.23
TJ,electricity,wind,wind,2095,0.27
XJ,electricity,wind,wind,2095,0.32
XZ,electricity,wind,wind,2095,0.29
YN,electricity,wind,wind,2095,0.26
ZJ,electricity,wind,wind,2095,0.32
FJ,elect_td_bld,rooftop_pv,rooftop_pv,2005,0.203902275
BJ,electricity,wind,wind,2100,0.22
CQ,electricity,wind,wind,2100,0.45
FJ,electricity,wind,wind,2100,0.29
GD,electricity,wind,wind,2100,0.3
GS,electricity,wind,wind,2100,0.4
GX,electricity,wind,wind,2100,0.22
GZ,electricity,wind,wind,2100,0.34
HA,electricity,wind,wind,2100,0.17
HB,electricity,wind,wind,2100,0.24
HE,electricity,wind,wind,2100,0.34
HI,electricity,wind,wind,2100,0.38
HL,electricity,wind,wind,2100,0.21
HN,electricity,wind,wind,2100,0.27
JL,electricity,wind,wind,2100,0.38
JS,electricity,wind,wind,2100,0.29
JX,electricity,wind,wind,2100,0.39
LN,electricity,wind,wind,2100,0.29
NM,electricity,wind,wind,2100,0.21
NX,electricity,wind,wind,2100,0.18
QH,electricity,wind,wind,2100,0.28
SC,electricity,wind,wind,2100,0.23
SD,electricity,wind,wind,2100,0.27
SH,electricity,wind,wind,2100,0.24
SN,electricity,wind,wind,2100,0.36
SX,electricity,wind,wind,2100,0.23
TJ,electricity,wind,wind,2100,0.27
XJ,electricity,wind,wind,2100,0.32
XZ,electricity,wind,wind,2100,0.29
YN,electricity,wind,wind,2100,0.26
ZJ,electricity,wind,wind,2100,0.32
GD,elect_td_bld,rooftop_pv,rooftop_pv,2005,0.203902275
BJ,electricity,wind,wind_offshore,1975,0.22
CQ,electricity,wind,wind_offshore,1975,0.45
FJ,electricity,wind,wind_offshore,1975,0.29
GD,electricity,wind,wind_offshore,1975,0.3
GS,electricity,wind,wind_offshore,1975,0.4
GX,electricity,wind,wind_offshore,1975,0.22
GZ,electricity,wind,wind_offshore,1975,0.34
HA,electricity,wind,wind_offshore,1975,0.17
HB,electricity,wind,wind_offshore,1975,0.24
HE,electricity,wind,wind_offshore,1975,0.34
HI,electricity,wind,wind_offshore,1975,0.38
HL,electricity,wind,wind_offshore,1975,0.21
HN,electricity,wind,wind_offshore,1975,0.27
JL,electricity,wind,wind_offshore,1975,0.38
JS,electricity,wind,wind_offshore,1975,0.29
JX,electricity,wind,wind_offshore,1975,0.39
LN,electricity,wind,wind_offshore,1975,0.29
NM,electricity,wind,wind_offshore,1975,0.21
NX,electricity,wind,wind_offshore,1975,0.18
QH,electricity,wind,wind_offshore,1975,0.28
SC,electricity,wind,wind_offshore,1975,0.23
SD,electricity,wind,wind_offshore,1975,0.27
SH,electricity,wind,wind_offshore,1975,0.24
SN,electricity,wind,wind_offshore,1975,0.36
SX,electricity,wind,wind_offshore,1975,0.23
TJ,electricity,wind,wind_offshore,1975,0.27
XJ,electricity,wind,wind_offshore,1975,0.32
XZ,electricity,wind,wind_offshore,1975,0.29
YN,electricity,wind,wind_offshore,1975,0.26
ZJ,electricity,wind,wind_offshore,1975,0.32
GS,elect_td_bld,rooftop_pv,rooftop_pv,2005,0.203902275
BJ,electricity,wind,wind_offshore,1990,0.22
CQ,electricity,wind,wind_offshore,1990,0.45
FJ,electricity,wind,wind_offshore,1990,0.29
GD,electricity,wind,wind_offshore,1990,0.3
GS,electricity,wind,wind_offshore,1990,0.4
GX,electricity,wind,wind_offshore,1990,0.22
GZ,electricity,wind,wind_offshore,1990,0.34
HA,electricity,wind,wind_offshore,1990,0.17
HB,electricity,wind,wind_offshore,1990,0.24
HE,electricity,wind,wind_offshore,1990,0.34
HI,electricity,wind,wind_offshore,1990,0.38
HL,electricity,wind,wind_offshore,1990,0.21
HN,electricity,wind,wind_offshore,1990,0.27
JL,electricity,wind,wind_offshore,1990,0.38
JS,electricity,wind,wind_offshore,1990,0.29
JX,electricity,wind,wind_offshore,1990,0.39
LN,electricity,wind,wind_offshore,1990,0.29
NM,electricity,wind,wind_offshore,1990,0.21
NX,electricity,wind,wind_offshore,1990,0.18
QH,electricity,wind,wind_offshore,1990,0.28
SC,electricity,wind,wind_offshore,1990,0.23
SD,electricity,wind,wind_offshore,1990,0.27
SH,electricity,wind,wind_offshore,1990,0.24
SN,electricity,wind,wind_offshore,1990,0.36
SX,electricity,wind,wind_offshore,1990,0.23
TJ,electricity,wind,wind_offshore,1990,0.27
XJ,electricity,wind,wind_offshore,1990,0.32
XZ,electricity,wind,wind_offshore,1990,0.29
YN,electricity,wind,wind_offshore,1990,0.26
ZJ,electricity,wind,wind_offshore,1990,0.32
GX,elect_td_bld,rooftop_pv,rooftop_pv,2005,0.203902275
BJ,electricity,wind,wind_offshore,2005,0.22
CQ,electricity,wind,wind_offshore,2005,0.45
FJ,electricity,wind,wind_offshore,2005,0.29
GD,electricity,wind,wind_offshore,2005,0.3
GS,electricity,wind,wind_offshore,2005,0.4
GX,electricity,wind,wind_offshore,2005,0.22
GZ,electricity,wind,wind_offshore,2005,0.34
HA,electricity,wind,wind_offshore,2005,0.17
HB,electricity,wind,wind_offshore,2005,0.24
HE,electricity,wind,wind_offshore,2005,0.34
HI,electricity,wind,wind_offshore,2005,0.38
HL,electricity,wind,wind_offshore,2005,0.21
HN,electricity,wind,wind_offshore,2005,0.27
JL,electricity,wind,wind_offshore,2005,0.38
JS,electricity,wind,wind_offshore,2005,0.29
JX,electricity,wind,wind_offshore,2005,0.39
LN,electricity,wind,wind_offshore,2005,0.29
NM,electricity,wind,wind_offshore,2005,0.21
NX,electricity,wind,wind_offshore,2005,0.18
QH,electricity,wind,wind_offshore,2005,0.28
SC,electricity,wind,wind_offshore,2005,0.23
SD,electricity,wind,wind_offshore,2005,0.27
SH,electricity,wind,wind_offshore,2005,0.24
SN,electricity,wind,wind_offshore,2005,0.36
SX,electricity,wind,wind_offshore,2005,0.23
TJ,electricity,wind,wind_offshore,2005,0.27
XJ,electricity,wind,wind_offshore,2005,0.32
XZ,electricity,wind,wind_offshore,2005,0.29
YN,electricity,wind,wind_offshore,2005,0.26
ZJ,electricity,wind,wind_offshore,2005,0.32
GZ,elect_td_bld,rooftop_pv,rooftop_pv,2005,0.203902275
BJ,electricity,wind,wind_offshore,2010,0.22
CQ,electricity,wind,wind_offshore,2010,0.45
FJ,electricity,wind,wind_offshore,2010,0.29
GD,electricity,wind,wind_offshore,2010,0.3
GS,electricity,wind,wind_offshore,2010,0.4
GX,electricity,wind,wind_offshore,2010,0.22
GZ,electricity,wind,wind_offshore,2010,0.34
HA,electricity,wind,wind_offshore,2010,0.17
HB,electricity,wind,wind_offshore,2010,0.24
HE,electricity,wind,wind_offshore,2010,0.34
HI,electricity,wind,wind_offshore,2010,0.38
HL,electricity,wind,wind_offshore,2010,0.21
HN,electricity,wind,wind_offshore,2010,0.27
JL,electricity,wind,wind_offshore,2010,0.38
JS,electricity,wind,wind_offshore,2010,0.29
JX,electricity,wind,wind_offshore,2010,0.39
LN,electricity,wind,wind_offshore,2010,0.29
NM,electricity,wind,wind_offshore,2010,0.21
NX,electricity,wind,wind_offshore,2010,0.18
QH,electricity,wind,wind_offshore,2010,0.28
SC,electricity,wind,wind_offshore,2010,0.23
SD,electricity,wind,wind_offshore,2010,0.27
SH,electricity,wind,wind_offshore,2010,0.24
SN,electricity,wind,wind_offshore,2010,0.36
SX,electricity,wind,wind_offshore,2010,0.23
TJ,electricity,wind,wind_offshore,2010,0.27
XJ,electricity,wind,wind_offshore,2010,0.32
XZ,electricity,wind,wind_offshore,2010,0.29
YN,electricity,wind,wind_offshore,2010,0.26
ZJ,electricity,wind,wind_offshore,2010,0.32
HA,elect_td_bld,rooftop_pv,rooftop_pv,2005,0.203902275
BJ,electricity,wind,wind_offshore,2015,0.22
CQ,electricity,wind,wind_offshore,2015,0.45
FJ,electricity,wind,wind_offshore,2015,0.29
GD,electricity,wind,wind_offshore,2015,0.3
GS,electricity,wind,wind_offshore,2015,0.4
GX,electricity,wind,wind_offshore,2015,0.22
GZ,electricity,wind,wind_offshore,2015,0.34
HA,electricity,wind,wind_offshore,2015,0.17
HB,electricity,wind,wind_offshore,2015,0.24
HE,electricity,wind,wind_offshore,2015,0.34
HI,electricity,wind,wind_offshore,2015,0.38
HL,electricity,wind,wind_offshore,2015,0.21
HN,electricity,wind,wind_offshore,2015,0.27
JL,electricity,wind,wind_offshore,2015,0.38
JS,electricity,wind,wind_offshore,2015,0.29
JX,electricity,wind,wind_offshore,2015,0.39
LN,electricity,wind,wind_offshore,2015,0.29
NM,electricity,wind,wind_offshore,2015,0.21
NX,electricity,wind,wind_offshore,2015,0.18
QH,electricity,wind,wind_offshore,2015,0.28
SC,electricity,wind,wind_offshore,2015,0.23
SD,electricity,wind,wind_offshore,2015,0.27
SH,electricity,wind,wind_offshore,2015,0.24
SN,electricity,wind,wind_offshore,2015,0.36
SX,electricity,wind,wind_offshore,2015,0.23
TJ,electricity,wind,wind_offshore,2015,0.27
XJ,electricity,wind,wind_offshore,2015,0.32
XZ,electricity,wind,wind_offshore,2015,0.29
YN,electricity,wind,wind_offshore,2015,0.26
ZJ,electricity,wind,wind_offshore,2015,0.32
HB,elect_td_bld,rooftop_pv,rooftop_pv,2005,0.203902275
BJ,electricity,wind,wind_offshore,2020,0.22
CQ,electricity,wind,wind_offshore,2020,0.45
FJ,electricity,wind,wind_offshore,2020,0.29
GD,electricity,wind,wind_offshore,2020,0.3
GS,electricity,wind,wind_offshore,2020,0.4
GX,electricity,wind,wind_offshore,2020,0.22
GZ,electricity,wind,wind_offshore,2020,0.34
HA,electricity,wind,wind_offshore,2020,0.17
HB,electricity,wind,wind_offshore,2020,0.24
HE,electricity,wind,wind_offshore,2020,0.34
HI,electricity,wind,wind_offshore,2020,0.38
HL,electricity,wind,wind_offshore,2020,0.21
HN,electricity,wind,wind_offshore,2020,0.27
JL,electricity,wind,wind_offshore,2020,0.38
JS,electricity,wind,wind_offshore,2020,0.29
JX,electricity,wind,wind_offshore,2020,0.39
LN,electricity,wind,wind_offshore,2020,0.29
NM,electricity,wind,wind_offshore,2020,0.21
NX,electricity,wind,wind_offshore,2020,0.18
QH,electricity,wind,wind_offshore,2020,0.28
SC,electricity,wind,wind_offshore,2020,0.23
SD,electricity,wind,wind_offshore,2020,0.27
SH,electricity,wind,wind_offshore,2020,0.24
SN,electricity,wind,wind_offshore,2020,0.36
SX,electricity,wind,wind_offshore,2020,0.23
TJ,electricity,wind,wind_offshore,2020,0.27
XJ,electricity,wind,wind_offshore,2020,0.32
XZ,electricity,wind,wind_offshore,2020,0.29
YN,electricity,wind,wind_offshore,2020,0.26
ZJ,electricity,wind,wind_offshore,2020,0.32
HE,elect_td_bld,rooftop_pv,rooftop_pv,2005,0.203902275
BJ,electricity,wind,wind_offshore,2025,0.22
CQ,electricity,wind,wind_offshore,2025,0.45
FJ,electricity,wind,wind_offshore,2025,0.29
GD,electricity,wind,wind_offshore,2025,0.3
GS,electricity,wind,wind_offshore,2025,0.4
GX,electricity,wind,wind_offshore,2025,0.22
GZ,electricity,wind,wind_offshore,2025,0.34
HA,electricity,wind,wind_offshore,2025,0.17
HB,electricity,wind,wind_offshore,2025,0.24
HE,electricity,wind,wind_offshore,2025,0.34
HI,electricity,wind,wind_offshore,2025,0.38
HL,electricity,wind,wind_offshore,2025,0.21
HN,electricity,wind,wind_offshore,2025,0.27
JL,electricity,wind,wind_offshore,2025,0.38
JS,electricity,wind,wind_offshore,2025,0.29
JX,electricity,wind,wind_offshore,2025,0.39
LN,electricity,wind,wind_offshore,2025,0.29
NM,electricity,wind,wind_offshore,2025,0.21
NX,electricity,wind,wind_offshore,2025,0.18
QH,electricity,wind,wind_offshore,2025,0.28
SC,electricity,wind,wind_offshore,2025,0.23
SD,electricity,wind,wind_offshore,2025,0.27
SH,electricity,wind,wind_offshore,2025,0.24
SN,electricity,wind,wind_offshore,2025,0.36
SX,electricity,wind,wind_offshore,2025,0.23
TJ,electricity,wind,wind_offshore,2025,0.27
XJ,electricity,wind,wind_offshore,2025,0.32
XZ,electricity,wind,wind_offshore,2025,0.29
YN,electricity,wind,wind_offshore,2025,0.26
ZJ,electricity,wind,wind_offshore,2025,0.32
HI,elect_td_bld,rooftop_pv,rooftop_pv,2005,0.203902275
BJ,electricity,wind,wind_offshore,2030,0.22
CQ,electricity,wind,wind_offshore,2030,0.45
FJ,electricity,wind,wind_offshore,2030,0.29
GD,electricity,wind,wind_offshore,2030,0.3
GS,electricity,wind,wind_offshore,2030,0.4
GX,electricity,wind,wind_offshore,2030,0.22
GZ,electricity,wind,wind_offshore,2030,0.34
HA,electricity,wind,wind_offshore,2030,0.17
HB,electricity,wind,wind_offshore,2030,0.24
HE,electricity,wind,wind_offshore,2030,0.34
HI,electricity,wind,wind_offshore,2030,0.38
HL,electricity,wind,wind_offshore,2030,0.21
HN,electricity,wind,wind_offshore,2030,0.27
JL,electricity,wind,wind_offshore,2030,0.38
JS,electricity,wind,wind_offshore,2030,0.29
JX,electricity,wind,wind_offshore,2030,0.39
LN,electricity,wind,wind_offshore,2030,0.29
NM,electricity,wind,wind_offshore,2030,0.21
NX,electricity,wind,wind_offshore,2030,0.18
QH,electricity,wind,wind_offshore,2030,0.28
SC,electricity,wind,wind_offshore,2030,0.23
SD,electricity,wind,wind_offshore,2030,0.27
SH,electricity,wind,wind_offshore,2030,0.24
SN,electricity,wind,wind_offshore,2030,0.36
SX,electricity,wind,wind_offshore,2030,0.23
TJ,electricity,wind,wind_offshore,2030,0.27
XJ,electricity,wind,wind_offshore,2030,0.32
XZ,electricity,wind,wind_offshore,2030,0.29
YN,electricity,wind,wind_offshore,2030,0.26
ZJ,electricity,wind,wind_offshore,2030,0.32
HL,elect_td_bld,rooftop_pv,rooftop_pv,2005,0.203902275
BJ,electricity,wind,wind_offshore,2035,0.22
CQ,electricity,wind,wind_offshore,2035,0.45
FJ,electricity,wind,wind_offshore,2035,0.29
GD,electricity,wind,wind_offshore,2035,0.3
GS,electricity,wind,wind_offshore,2035,0.4
GX,electricity,wind,wind_offshore,2035,0.22
GZ,electricity,wind,wind_offshore,2035,0.34
HA,electricity,wind,wind_offshore,2035,0.17
HB,electricity,wind,wind_offshore,2035,0.24
HE,electricity,wind,wind_offshore,2035,0.34
HI,electricity,wind,wind_offshore,2035,0.38
HL,electricity,wind,wind_offshore,2035,0.21
HN,electricity,wind,wind_offshore,2035,0.27
JL,electricity,wind,wind_offshore,2035,0.38
JS,electricity,wind,wind_offshore,2035,0.29
JX,electricity,wind,wind_offshore,2035,0.39
LN,electricity,wind,wind_offshore,2035,0.29
NM,electricity,wind,wind_offshore,2035,0.21
NX,electricity,wind,wind_offshore,2035,0.18
QH,electricity,wind,wind_offshore,2035,0.28
SC,electricity,wind,wind_offshore,2035,0.23
SD,electricity,wind,wind_offshore,2035,0.27
SH,electricity,wind,wind_offshore,2035,0.24
SN,electricity,wind,wind_offshore,2035,0.36
SX,electricity,wind,wind_offshore,2035,0.23
TJ,electricity,wind,wind_offshore,2035,0.27
XJ,electricity,wind,wind_offshore,2035,0.32
XZ,electricity,wind,wind_offshore,2035,0.29
YN,electricity,wind,wind_offshore,2035,0.26
ZJ,electricity,wind,wind_offshore,2035,0.32
HN,elect_td_bld,rooftop_pv,rooftop_pv,2005,0.203902275
BJ,electricity,wind,wind_offshore,2040,0.22
CQ,electricity,wind,wind_offshore,2040,0.45
FJ,electricity,wind,wind_offshore,2040,0.29
GD,electricity,wind,wind_offshore,2040,0.3
GS,electricity,wind,wind_offshore,2040,0.4
GX,electricity,wind,wind_offshore,2040,0.22
GZ,electricity,wind,wind_offshore,2040,0.34
HA,electricity,wind,wind_offshore,2040,0.17
HB,electricity,wind,wind_offshore,2040,0.24
HE,electricity,wind,wind_offshore,2040,0.34
HI,electricity,wind,wind_offshore,2040,0.38
HL,electricity,wind,wind_offshore,2040,0.21
HN,electricity,wind,wind_offshore,2040,0.27
JL,electricity,wind,wind_offshore,2040,0.38
JS,electricity,wind,wind_offshore,2040,0.29
JX,electricity,wind,wind_offshore,2040,0.39
LN,electricity,wind,wind_offshore,2040,0.29
NM,electricity,wind,wind_offshore,2040,0.21
NX,electricity,wind,wind_offshore,2040,0.18
QH,electricity,wind,wind_offshore,2040,0.28
SC,electricity,wind,wind_offshore,2040,0.23
SD,electricity,wind,wind_offshore,2040,0.27
SH,electricity,wind,wind_offshore,2040,0.24
SN,electricity,wind,wind_offshore,2040,0.36
SX,electricity,wind,wind_offshore,2040,0.23
TJ,electricity,wind,wind_offshore,2040,0.27
XJ,electricity,wind,wind_offshore,2040,0.32
XZ,electricity,wind,wind_offshore,2040,0.29
YN,electricity,wind,wind_offshore,2040,0.26
ZJ,electricity,wind,wind_offshore,2040,0.32
JL,elect_td_bld,rooftop_pv,rooftop_pv,2005,0.203902275
BJ,electricity,wind,wind_offshore,2045,0.22
CQ,electricity,wind,wind_offshore,2045,0.45
FJ,electricity,wind,wind_offshore,2045,0.29
GD,electricity,wind,wind_offshore,2045,0.3
GS,electricity,wind,wind_offshore,2045,0.4
GX,electricity,wind,wind_offshore,2045,0.22
GZ,electricity,wind,wind_offshore,2045,0.34
HA,electricity,wind,wind_offshore,2045,0.17
HB,electricity,wind,wind_offshore,2045,0.24
HE,electricity,wind,wind_offshore,2045,0.34
HI,electricity,wind,wind_offshore,2045,0.38
HL,electricity,wind,wind_offshore,2045,0.21
HN,electricity,wind,wind_offshore,2045,0.27
JL,electricity,wind,wind_offshore,2045,0.38
JS,electricity,wind,wind_offshore,2045,0.29
JX,electricity,wind,wind_offshore,2045,0.39
LN,electricity,wind,wind_offshore,2045,0.29
NM,electricity,wind,wind_offshore,2045,0.21
NX,electricity,wind,wind_offshore,2045,0.18
QH,electricity,wind,wind_offshore,2045,0.28
SC,electricity,wind,wind_offshore,2045,0.23
SD,electricity,wind,wind_offshore,2045,0.27
SH,electricity,wind,wind_offshore,2045,0.24
SN,electricity,wind,wind_offshore,2045,0.36
SX,electricity,wind,wind_offshore,2045,0.23
TJ,electricity,wind,wind_offshore,2045,0.27
XJ,electricity,wind,wind_offshore,2045,0.32
XZ,electricity,wind,wind_offshore,2045,0.29
YN,electricity,wind,wind_offshore,2045,0.26
ZJ,electricity,wind,wind_offshore,2045,0.32
JS,elect_td_bld,rooftop_pv,rooftop_pv,2005,0.203902275
BJ,electricity,wind,wind_offshore,2050,0.22
CQ,electricity,wind,wind_offshore,2050,0.45
FJ,electricity,wind,wind_offshore,2050,0.29
GD,electricity,wind,wind_offshore,2050,0.3
GS,electricity,wind,wind_offshore,2050,0.4
GX,electricity,wind,wind_offshore,2050,0.22
GZ,electricity,wind,wind_offshore,2050,0.34
HA,electricity,wind,wind_offshore,2050,0.17
HB,electricity,wind,wind_offshore,2050,0.24
HE,electricity,wind,wind_offshore,2050,0.34
HI,electricity,wind,wind_offshore,2050,0.38
HL,electricity,wind,wind_offshore,2050,0.21
HN,electricity,wind,wind_offshore,2050,0.27
JL,electricity,wind,wind_offshore,2050,0.38
JS,electricity,wind,wind_offshore,2050,0.29
JX,electricity,wind,wind_offshore,2050,0.39
LN,electricity,wind,wind_offshore,2050,0.29
NM,electricity,wind,wind_offshore,2050,0.21
NX,electricity,wind,wind_offshore,2050,0.18
QH,electricity,wind,wind_offshore,2050,0.28
SC,electricity,wind,wind_offshore,2050,0.23
SD,electricity,wind,wind_offshore,2050,0.27
SH,electricity,wind,wind_offshore,2050,0.24
SN,electricity,wind,wind_offshore,2050,0.36
SX,electricity,wind,wind_offshore,2050,0.23
TJ,electricity,wind,wind_offshore,2050,0.27
XJ,electricity,wind,wind_offshore,2050,0.32
XZ,electricity,wind,wind_offshore,2050,0.29
YN,electricity,wind,wind_offshore,2050,0.26
ZJ,electricity,wind,wind_offshore,2050,0.32
JX,elect_td_bld,rooftop_pv,rooftop_pv,2005,0.203902275
BJ,electricity,wind,wind_offshore,2055,0.22
CQ,electricity,wind,wind_offshore,2055,0.45
FJ,electricity,wind,wind_offshore,2055,0.29
GD,electricity,wind,wind_offshore,2055,0.3
GS,electricity,wind,wind_offshore,2055,0.4
GX,electricity,wind,wind_offshore,2055,0.22
GZ,electricity,wind,wind_offshore,2055,0.34
HA,electricity,wind,wind_offshore,2055,0.17
HB,electricity,wind,wind_offshore,2055,0.24
HE,electricity,wind,wind_offshore,2055,0.34
HI,electricity,wind,wind_offshore,2055,0.38
HL,electricity,wind,wind_offshore,2055,0.21
HN,electricity,wind,wind_offshore,2055,0.27
JL,electricity,wind,wind_offshore,2055,0.38
JS,electricity,wind,wind_offshore,2055,0.29
JX,electricity,wind,wind_offshore,2055,0.39
LN,electricity,wind,wind_offshore,2055,0.29
NM,electricity,wind,wind_offshore,2055,0.21
NX,electricity,wind,wind_offshore,2055,0.18
QH,electricity,wind,wind_offshore,2055,0.28
SC,electricity,wind,wind_offshore,2055,0.23
SD,electricity,wind,wind_offshore,2055,0.27
SH,electricity,wind,wind_offshore,2055,0.24
SN,electricity,wind,wind_offshore,2055,0.36
SX,electricity,wind,wind_offshore,2055,0.23
TJ,electricity,wind,wind_offshore,2055,0.27
XJ,electricity,wind,wind_offshore,2055,0.32
XZ,electricity,wind,wind_offshore,2055,0.29
YN,electricity,wind,wind_offshore,2055,0.26
ZJ,electricity,wind,wind_offshore,2055,0.32
LN,elect_td_bld,rooftop_pv,rooftop_pv,2005,0.203902275
BJ,electricity,wind,wind_offshore,2060,0.22
CQ,electricity,wind,wind_offshore,2060,0.45
FJ,electricity,wind,wind_offshore,2060,0.29
GD,electricity,wind,wind_offshore,2060,0.3
GS,electricity,wind,wind_offshore,2060,0.4
GX,electricity,wind,wind_offshore,2060,0.22
GZ,electricity,wind,wind_offshore,2060,0.34
HA,electricity,wind,wind_offshore,2060,0.17
HB,electricity,wind,wind_offshore,2060,0.24
HE,electricity,wind,wind_offshore,2060,0.34
HI,electricity,wind,wind_offshore,2060,0.38
HL,electricity,wind,wind_offshore,2060,0.21
HN,electricity,wind,wind_offshore,2060,0.27
JL,electricity,wind,wind_offshore,2060,0.38
JS,electricity,wind,wind_offshore,2060,0.29
JX,electricity,wind,wind_offshore,2060,0.39
LN,electricity,wind,wind_offshore,2060,0.29
NM,electricity,wind,wind_offshore,2060,0.21
NX,electricity,wind,wind_offshore,2060,0.18
QH,electricity,wind,wind_offshore,2060,0.28
SC,electricity,wind,wind_offshore,2060,0.23
SD,electricity,wind,wind_offshore,2060,0.27
SH,electricity,wind,wind_offshore,2060,0.24
SN,electricity,wind,wind_offshore,2060,0.36
SX,electricity,wind,wind_offshore,2060,0.23
TJ,electricity,wind,wind_offshore,2060,0.27
XJ,electricity,wind,wind_offshore,2060,0.32
XZ,electricity,wind,wind_offshore,2060,0.29
YN,electricity,wind,wind_offshore,2060,0.26
ZJ,electricity,wind,wind_offshore,2060,0.32
NM,elect_td_bld,rooftop_pv,rooftop_pv,2005,0.203902275
BJ,electricity,wind,wind_offshore,2065,0.22
CQ,electricity,wind,wind_offshore,2065,0.45
FJ,electricity,wind,wind_offshore,2065,0.29
GD,electricity,wind,wind_offshore,2065,0.3
GS,electricity,wind,wind_offshore,2065,0.4
GX,electricity,wind,wind_offshore,2065,0.22
GZ,electricity,wind,wind_offshore,2065,0.34
HA,electricity,wind,wind_offshore,2065,0.17
HB,electricity,wind,wind_offshore,2065,0.24
HE,electricity,wind,wind_offshore,2065,0.34
HI,electricity,wind,wind_offshore,2065,0.38
HL,electricity,wind,wind_offshore,2065,0.21
HN,electricity,wind,wind_offshore,2065,0.27
JL,electricity,wind,wind_offshore,2065,0.38
JS,electricity,wind,wind_offshore,2065,0.29
JX,electricity,wind,wind_offshore,2065,0.39
LN,electricity,wind,wind_offshore,2065,0.29
NM,electricity,wind,wind_offshore,2065,0.21
NX,electricity,wind,wind_offshore,2065,0.18
QH,electricity,wind,wind_offshore,2065,0.28
SC,electricity,wind,wind_offshore,2065,0.23
SD,electricity,wind,wind_offshore,2065,0.27
SH,electricity,wind,wind_offshore,2065,0.24
SN,electricity,wind,wind_offshore,2065,0.36
SX,electricity,wind,wind_offshore,2065,0.23
TJ,electricity,wind,wind_offshore,2065,0.27
XJ,electricity,wind,wind_offshore,2065,0.32
XZ,electricity,wind,wind_offshore,2065,0.29
YN,electricity,wind,wind_offshore,2065,0.26
ZJ,electricity,wind,wind_offshore,2065,0.32
NX,elect_td_bld,rooftop_pv,rooftop_pv,2005,0.203902275
BJ,electricity,wind,wind_offshore,2070,0.22
CQ,electricity,wind,wind_offshore,2070,0.45
FJ,electricity,wind,wind_offshore,2070,0.29
GD,electricity,wind,wind_offshore,2070,0.3
GS,electricity,wind,wind_offshore,2070,0.4
GX,electricity,wind,wind_offshore,2070,0.22
GZ,electricity,wind,wind_offshore,2070,0.34
HA,electricity,wind,wind_offshore,2070,0.17
HB,electricity,wind,wind_offshore,2070,0.24
HE,electricity,wind,wind_offshore,2070,0.34
HI,electricity,wind,wind_offshore,2070,0.38
HL,electricity,wind,wind_offshore,2070,0.21
HN,electricity,wind,wind_offshore,2070,0.27
JL,electricity,wind,wind_offshore,2070,0.38
JS,electricity,wind,wind_offshore,2070,0.29
JX,electricity,wind,wind_offshore,2070,0.39
LN,electricity,wind,wind_offshore,2070,0.29
NM,electricity,wind,wind_offshore,2070,0.21
NX,electricity,wind,wind_offshore,2070,0.18
QH,electricity,wind,wind_offshore,2070,0.28
SC,electricity,wind,wind_offshore,2070,0.23
SD,electricity,wind,wind_offshore,2070,0.27
SH,electricity,wind,wind_offshore,2070,0.24
SN,electricity,wind,wind_offshore,2070,0.36
SX,electricity,wind,wind_offshore,2070,0.23
TJ,electricity,wind,wind_offshore,2070,0.27
XJ,electricity,wind,wind_offshore,2070,0.32
XZ,electricity,wind,wind_offshore,2070,0.29
YN,electricity,wind,wind_offshore,2070,0.26
ZJ,electricity,wind,wind_offshore,2070,0.32
QH,elect_td_bld,rooftop_pv,rooftop_pv,2005,0.203902275
BJ,electricity,wind,wind_offshore,2075,0.22
CQ,electricity,wind,wind_offshore,2075,0.45
FJ,electricity,wind,wind_offshore,2075,0.29
GD,electricity,wind,wind_offshore,2075,0.3
GS,electricity,wind,wind_offshore,2075,0.4
GX,electricity,wind,wind_offshore,2075,0.22
GZ,electricity,wind,wind_offshore,2075,0.34
HA,electricity,wind,wind_offshore,2075,0.17
HB,electricity,wind,wind_offshore,2075,0.24
HE,electricity,wind,wind_offshore,2075,0.34
HI,electricity,wind,wind_offshore,2075,0.38
HL,electricity,wind,wind_offshore,2075,0.21
HN,electricity,wind,wind_offshore,2075,0.27
JL,electricity,wind,wind_offshore,2075,0.38
JS,electricity,wind,wind_offshore,2075,0.29
JX,electricity,wind,wind_offshore,2075,0.39
LN,electricity,wind,wind_offshore,2075,0.29
NM,electricity,wind,wind_offshore,2075,0.21
NX,electricity,wind,wind_offshore,2075,0.18
QH,electricity,wind,wind_offshore,2075,0.28
SC,electricity,wind,wind_offshore,2075,0.23
SD,electricity,wind,wind_offshore,2075,0.27
SH,electricity,wind,wind_offshore,2075,0.24
SN,electricity,wind,wind_offshore,2075,0.36
SX,electricity,wind,wind_offshore,2075,0.23
TJ,electricity,wind,wind_offshore,2075,0.27
XJ,electricity,wind,wind_offshore,2075,0.32
XZ,electricity,wind,wind_offshore,2075,0.29
YN,electricity,wind,wind_offshore,2075,0.26
ZJ,electricity,wind,wind_offshore,2075,0.32
SC,elect_td_bld,rooftop_pv,rooftop_pv,2005,0.203902275
BJ,electricity,wind,wind_offshore,2080,0.22
CQ,electricity,wind,wind_offshore,2080,0.45
FJ,electricity,wind,wind_offshore,2080,0.29
GD,electricity,wind,wind_offshore,2080,0.3
GS,electricity,wind,wind_offshore,2080,0.4
GX,electricity,wind,wind_offshore,2080,0.22
GZ,electricity,wind,wind_offshore,2080,0.34
HA,electricity,wind,wind_offshore,2080,0.17
HB,electricity,wind,wind_offshore,2080,0.24
HE,electricity,wind,wind_offshore,2080,0.34
HI,electricity,wind,wind_offshore,2080,0.38
HL,electricity,wind,wind_offshore,2080,0.21
HN,electricity,wind,wind_offshore,2080,0.27
JL,electricity,wind,wind_offshore,2080,0.38
JS,electricity,wind,wind_offshore,2080,0.29
JX,electricity,wind,wind_offshore,2080,0.39
LN,electricity,wind,wind_offshore,2080,0.29
NM,electricity,wind,wind_offshore,2080,0.21
NX,electricity,wind,wind_offshore,2080,0.18
QH,electricity,wind,wind_offshore,2080,0.28
SC,electricity,wind,wind_offshore,2080,0.23
SD,electricity,wind,wind_offshore,2080,0.27
SH,electricity,wind,wind_offshore,2080,0.24
SN,electricity,wind,wind_offshore,2080,0.36
SX,electricity,wind,wind_offshore,2080,0.23
TJ,electricity,wind,wind_offshore,2080,0.27
XJ,electricity,wind,wind_offshore,2080,0.32
XZ,electricity,wind,wind_offshore,2080,0.29
YN,electricity,wind,wind_offshore,2080,0.26
ZJ,electricity,wind,wind_offshore,2080,0.32
SD,elect_td_bld,rooftop_pv,rooftop_pv,2005,0.203902275
BJ,electricity,wind,wind_offshore,2085,0.22
CQ,electricity,wind,wind_offshore,2085,0.45
FJ,electricity,wind,wind_offshore,2085,0.29
GD,electricity,wind,wind_offshore,2085,0.3
GS,electricity,wind,wind_offshore,2085,0.4
GX,electricity,wind,wind_offshore,2085,0.22
GZ,electricity,wind,wind_offshore,2085,0.34
HA,electricity,wind,wind_offshore,2085,0.17
HB,electricity,wind,wind_offshore,2085,0.24
HE,electricity,wind,wind_offshore,2085,0.34
HI,electricity,wind,wind_offshore,2085,0.38
HL,electricity,wind,wind_offshore,2085,0.21
HN,electricity,wind,wind_offshore,2085,0.27
JL,electricity,wind,wind_offshore,2085,0.38
JS,electricity,wind,wind_offshore,2085,0.29
JX,electricity,wind,wind_offshore,2085,0.39
LN,electricity,wind,wind_offshore,2085,0.29
NM,electricity,wind,wind_offshore,2085,0.21
NX,electricity,wind,wind_offshore,2085,0.18
QH,electricity,wind,wind_offshore,2085,0.28
SC,electricity,wind,wind_offshore,2085,0.23
SD,electricity,wind,wind_offshore,2085,0.27
SH,electricity,wind,wind_offshore,2085,0.24
SN,electricity,wind,wind_offshore,2085,0.36
SX,electricity,wind,wind_offshore,2085,0.23
TJ,electricity,wind,wind_offshore,2085,0.27
XJ,electricity,wind,wind_offshore,2085,0.32
XZ,electricity,wind,wind_offshore,2085,0.29
YN,electricity,wind,wind_offshore,2085,0.26
ZJ,electricity,wind,wind_offshore,2085,0.32
SH,elect_td_bld,rooftop_pv,rooftop_pv,2005,0.203902275
BJ,electricity,wind,wind_offshore,2090,0.22
CQ,electricity,wind,wind_offshore,2090,0.45
FJ,electricity,wind,wind_offshore,2090,0.29
GD,electricity,wind,wind_offshore,2090,0.3
GS,electricity,wind,wind_offshore,2090,0.4
GX,electricity,wind,wind_offshore,2090,0.22
GZ,electricity,wind,wind_offshore,2090,0.34
HA,electricity,wind,wind_offshore,2090,0.17
HB,electricity,wind,wind_offshore,2090,0.24
HE,electricity,wind,wind_offshore,2090,0.34
HI,electricity,wind,wind_offshore,2090,0.38
HL,electricity,wind,wind_offshore,2090,0.21
HN,electricity,wind,wind_offshore,2090,0.27
JL,electricity,wind,wind_offshore,2090,0.38
JS,electricity,wind,wind_offshore,2090,0.29
JX,electricity,wind,wind_offshore,2090,0.39
LN,electricity,wind,wind_offshore,2090,0.29
NM,electricity,wind,wind_offshore,2090,0.21
NX,electricity,wind,wind_offshore,2090,0.18
QH,electricity,wind,wind_offshore,2090,0.28
SC,electricity,wind,wind_offshore,2090,0.23
SD,electricity,wind,wind_offshore,2090,0.27
SH,electricity,wind,wind_offshore,2090,0.24
SN,electricity,wind,wind_offshore,2090,0.36
SX,electricity,wind,wind_offshore,2090,0.23
TJ,electricity,wind,wind_offshore,2090,0.27
XJ,electricity,wind,wind_offshore,2090,0.32
XZ,electricity,wind,wind_offshore,2090,0.29
YN,electricity,wind,wind_offshore,2090,0.26
ZJ,electricity,wind,wind_offshore,2090,0.32
SN,elect_td_bld,rooftop_pv,rooftop_pv,2005,0.203902275
BJ,electricity,wind,wind_offshore,2095,0.22
CQ,electricity,wind,wind_offshore,2095,0.45
FJ,electricity,wind,wind_offshore,2095,0.29
GD,electricity,wind,wind_offshore,2095,0.3
GS,electricity,wind,wind_offshore,2095,0.4
GX,electricity,wind,wind_offshore,2095,0.22
GZ,electricity,wind,wind_offshore,2095,0.34
HA,electricity,wind,wind_offshore,2095,0.17
HB,electricity,wind,wind_offshore,2095,0.24
HE,electricity,wind,wind_offshore,2095,0.34
HI,electricity,wind,wind_offshore,2095,0.38
HL,electricity,wind,wind_offshore,2095,0.21
HN,electricity,wind,wind_offshore,2095,0.27
JL,electricity,wind,wind_offshore,2095,0.38
JS,electricity,wind,wind_offshore,2095,0.29
JX,electricity,wind,wind_offshore,2095,0.39
LN,electricity,wind,wind_offshore,2095,0.29
NM,electricity,wind,wind_offshore,2095,0.21
NX,electricity,wind,wind_offshore,2095,0.18
QH,electricity,wind,wind_offshore,2095,0.28
SC,electricity,wind,wind_offshore,2095,0.23
SD,electricity,wind,wind_offshore,2095,0.27
SH,electricity,wind,wind_offshore,2095,0.24
SN,electricity,wind,wind_offshore,2095,0.36
SX,electricity,wind,wind_offshore,2095,0.23
TJ,electricity,wind,wind_offshore,2095,0.27
XJ,electricity,wind,wind_offshore,2095,0.32
XZ,electricity,wind,wind_offshore,2095,0.29
YN,electricity,wind,wind_offshore,2095,0.26
ZJ,electricity,wind,wind_offshore,2095,0.32
SX,elect_td_bld,rooftop_pv,rooftop_pv,2005,0.203902275
BJ,electricity,wind,wind_offshore,2100,0.22
CQ,electricity,wind,wind_offshore,2100,0.45
FJ,electricity,wind,wind_offshore,2100,0.29
GD,electricity,wind,wind_offshore,2100,0.3
GS,electricity,wind,wind_offshore,2100,0.4
GX,electricity,wind,wind_offshore,2100,0.22
GZ,electricity,wind,wind_offshore,2100,0.34
HA,electricity,wind,wind_offshore,2100,0.17
HB,electricity,wind,wind_offshore,2100,0.24
HE,electricity,wind,wind_offshore,2100,0.34
HI,electricity,wind,wind_offshore,2100,0.38
HL,electricity,wind,wind_offshore,2100,0.21
HN,electricity,wind,wind_offshore,2100,0.27
JL,electricity,wind,wind_offshore,2100,0.38
JS,electricity,wind,wind_offshore,2100,0.29
JX,electricity,wind,wind_offshore,2100,0.39
LN,electricity,wind,wind_offshore,2100,0.29
NM,electricity,wind,wind_offshore,2100,0.21
NX,electricity,wind,wind_offshore,2100,0.18
QH,electricity,wind,wind_offshore,2100,0.28
SC,electricity,wind,wind_offshore,2100,0.23
SD,electricity,wind,wind_offshore,2100,0.27
SH,electricity,wind,wind_offshore,2100,0.24
SN,electricity,wind,wind_offshore,2100,0.36
SX,electricity,wind,wind_offshore,2100,0.23
TJ,electricity,wind,wind_offshore,2100,0.27
XJ,electricity,wind,wind_offshore,2100,0.32
XZ,electricity,wind,wind_offshore,2100,0.29
YN,electricity,wind,wind_offshore,2100,0.26
ZJ,electricity,wind,wind_offshore,2100,0.32
TJ,elect_td_bld,rooftop_pv,rooftop_pv,2005,0.203902275
XJ,elect_td_bld,rooftop_pv,rooftop_pv,2005,0.203902275
XZ,elect_td_bld,rooftop_pv,rooftop_pv,2005,0.203902275
YN,elect_td_bld,rooftop_pv,rooftop_pv,2005,0.203902275
ZJ,elect_td_bld,rooftop_pv,rooftop_pv,2005,0.203902275
AH,elect_td_bld,rooftop_pv,rooftop_pv,2010,0.203902275
BJ,elect_td_bld,rooftop_pv,rooftop_pv,2010,0.203902275
CQ,elect_td_bld,rooftop_pv,rooftop_pv,2010,0.203902275
FJ,elect_td_bld,rooftop_pv,rooftop_pv,2010,0.203902275
GD,elect_td_bld,rooftop_pv,rooftop_pv,2010,0.203902275
GS,elect_td_bld,rooftop_pv,rooftop_pv,2010,0.203902275
GX,elect_td_bld,rooftop_pv,rooftop_pv,2010,0.203902275
GZ,elect_td_bld,rooftop_pv,rooftop_pv,2010,0.203902275
HA,elect_td_bld,rooftop_pv,rooftop_pv,2010,0.203902275
HB,elect_td_bld,rooftop_pv,rooftop_pv,2010,0.203902275
HE,elect_td_bld,rooftop_pv,rooftop_pv,2010,0.203902275
HI,elect_td_bld,rooftop_pv,rooftop_pv,2010,0.203902275
HL,elect_td_bld,rooftop_pv,rooftop_pv,2010,0.203902275
HN,elect_td_bld,rooftop_pv,rooftop_pv,2010,0.203902275
JL,elect_td_bld,rooftop_pv,rooftop_pv,2010,0.203902275
JS,elect_td_bld,rooftop_pv,rooftop_pv,2010,0.203902275
JX,elect_td_bld,rooftop_pv,rooftop_pv,2010,0.203902275
LN,elect_td_bld,rooftop_pv,rooftop_pv,2010,0.203902275
NM,elect_td_bld,rooftop_pv,rooftop_pv,2010,0.203902275
NX,elect_td_bld,rooftop_pv,rooftop_pv,2010,0.203902275
QH,elect_td_bld,rooftop_pv,rooftop_pv,2010,0.203902275
SC,elect_td_bld,rooftop_pv,rooftop_pv,2010,0.203902275
SD,elect_td_bld,rooftop_pv,rooftop_pv,2010,0.203902275
SH,elect_td_bld,rooftop_pv,rooftop_pv,2010,0.203902275
SN,elect_td_bld,rooftop_pv,rooftop_pv,2010,0.203902275
SX,elect_td_bld,rooftop_pv,rooftop_pv,2010,0.203902275
TJ,elect_td_bld,rooftop_pv,rooftop_pv,2010,0.203902275
XJ,elect_td_bld,rooftop_pv,rooftop_pv,2010,0.203902275
XZ,elect_td_bld,rooftop_pv,rooftop_pv,2010,0.203902275
YN,elect_td_bld,rooftop_pv,rooftop_pv,2010,0.203902275
ZJ,elect_td_bld,rooftop_pv,rooftop_pv,2010,0.203902275
AH,elect_td_bld,rooftop_pv,rooftop_pv,2015,0.203902275
BJ,elect_td_bld,rooftop_pv,rooftop_pv,2015,0.203902275
CQ,elect_td_bld,rooftop_pv,rooftop_pv,2015,0.203902275
FJ,elect_td_bld,rooftop_pv,rooftop_pv,2015,0.203902275
GD,elect_td_bld,rooftop_pv,rooftop_pv,2015,0.203902275
GS,elect_td_bld,rooftop_pv,rooftop_pv,2015,0.203902275
GX,elect_td_bld,rooftop_pv,rooftop_pv,2015,0.203902275
GZ,elect_td_bld,rooftop_pv,rooftop_pv,2015,0.203902275
HA,elect_td_bld,rooftop_pv,rooftop_pv,2015,0.203902275
HB,elect_td_bld,rooftop_pv,rooftop_pv,2015,0.203902275
HE,elect_td_bld,rooftop_pv,rooftop_pv,2015,0.203902275
HI,elect_td_bld,rooftop_pv,rooftop_pv,2015,0.203902275
HL,elect_td_bld,rooftop_pv,rooftop_pv,2015,0.203902275
HN,elect_td_bld,rooftop_pv,rooftop_pv,2015,0.203902275
JL,elect_td_bld,rooftop_pv,rooftop_pv,2015,0.203902275
JS,elect_td_bld,rooftop_pv,rooftop_pv,2015,0.203902275
JX,elect_td_bld,rooftop_pv,rooftop_pv,2015,0.203902275
LN,elect_td_bld,rooftop_pv,rooftop_pv,2015,0.203902275
NM,elect_td_bld,rooftop_pv,rooftop_pv,2015,0.203902275
NX,elect_td_bld,rooftop_pv,rooftop_pv,2015,0.203902275
QH,elect_td_bld,rooftop_pv,rooftop_pv,2015,0.203902275
SC,elect_td_bld,rooftop_pv,rooftop_pv,2015,0.203902275
SD,elect_td_bld,rooftop_pv,rooftop_pv,2015,0.203902275
SH,elect_td_bld,rooftop_pv,rooftop_pv,2015,0.203902275
SN,elect_td_bld,rooftop_pv,rooftop_pv,2015,0.203902275
SX,elect_td_bld,rooftop_pv,rooftop_pv,2015,0.203902275
TJ,elect_td_bld,rooftop_pv,rooftop_pv,2015,0.203902275
XJ,elect_td_bld,rooftop_pv,rooftop_pv,2015,0.203902275
XZ,elect_td_bld,rooftop_pv,rooftop_pv,2015,0.203902275
YN,elect_td_bld,rooftop_pv,rooftop_pv,2015,0.203902275
ZJ,elect_td_bld,rooftop_pv,rooftop_pv,2015,0.203902275
AH,elect_td_bld,rooftop_pv,rooftop_pv,2020,0.203902275
BJ,elect_td_bld,rooftop_pv,rooftop_pv,2020,0.203902275
CQ,elect_td_bld,rooftop_pv,rooftop_pv,2020,0.203902275
FJ,elect_td_bld,rooftop_pv,rooftop_pv,2020,0.203902275
GD,elect_td_bld,rooftop_pv,rooftop_pv,2020,0.203902275
GS,elect_td_bld,rooftop_pv,rooftop_pv,2020,0.203902275
GX,elect_td_bld,rooftop_pv,rooftop_pv,2020,0.203902275
GZ,elect_td_bld,rooftop_pv,rooftop_pv,2020,0.203902275
HA,elect_td_bld,rooftop_pv,rooftop_pv,2020,0.203902275
HB,elect_td_bld,rooftop_pv,rooftop_pv,2020,0.203902275
HE,elect_td_bld,rooftop_pv,rooftop_pv,2020,0.203902275
HI,elect_td_bld,rooftop_pv,rooftop_pv,2020,0.203902275
HL,elect_td_bld,rooftop_pv,rooftop_pv,2020,0.203902275
HN,elect_td_bld,rooftop_pv,rooftop_pv,2020,0.203902275
JL,elect_td_bld,rooftop_pv,rooftop_pv,2020,0.203902275
JS,elect_td_bld,rooftop_pv,rooftop_pv,2020,0.203902275
JX,elect_td_bld,rooftop_pv,rooftop_pv,2020,0.203902275
LN,elect_td_bld,rooftop_pv,rooftop_pv,2020,0.203902275
NM,elect_td_bld,rooftop_pv,rooftop_pv,2020,0.203902275
NX,elect_td_bld,rooftop_pv,rooftop_pv,2020,0.203902275
QH,elect_td_bld,rooftop_pv,rooftop_pv,2020,0.203902275
SC,elect_td_bld,rooftop_pv,rooftop_pv,2020,0.203902275
SD,elect_td_bld,rooftop_pv,rooftop_pv,2020,0.203902275
SH,elect_td_bld,rooftop_pv,rooftop_pv,2020,0.203902275
SN,elect_td_bld,rooftop_pv,rooftop_pv,2020,0.203902275
SX,elect_td_bld,rooftop_pv,rooftop_pv,2020,0.203902275
TJ,elect_td_bld,rooftop_pv,rooftop_pv,2020,0.203902275
XJ,elect_td_bld,rooftop_pv,rooftop_pv,2020,0.203902275
XZ,elect_td_bld,rooftop_pv,rooftop_pv,2020,0.203902275
YN,elect_td_bld,rooftop_pv,rooftop_pv,2020,0.203902275
ZJ,elect_td_bld,rooftop_pv,rooftop_pv,2020,0.203902275
AH,elect_td_bld,rooftop_pv,rooftop_pv,2025,0.203902275
BJ,elect_td_bld,rooftop_pv,rooftop_pv,2025,0.203902275
CQ,elect_td_bld,rooftop_pv,rooftop_pv,2025,0.203902275
FJ,elect_td_bld,rooftop_pv,rooftop_pv,2025,0.203902275
GD,elect_td_bld,rooftop_pv,rooftop_pv,2025,0.203902275
GS,elect_td_bld,rooftop_pv,rooftop_pv,2025,0.203902275
GX,elect_td_bld,rooftop_pv,rooftop_pv,2025,0.203902275
GZ,elect_td_bld,rooftop_pv,rooftop_pv,2025,0.203902275
HA,elect_td_bld,rooftop_pv,rooftop_pv,2025,0.203902275
HB,elect_td_bld,rooftop_pv,rooftop_pv,2025,0.203902275
HE,elect_td_bld,rooftop_pv,rooftop_pv,2025,0.203902275
HI,elect_td_bld,rooftop_pv,rooftop_pv,2025,0.203902275
HL,elect_td_bld,rooftop_pv,rooftop_pv,2025,0.203902275
HN,elect_td_bld,rooftop_pv,rooftop_pv,2025,0.203902275
JL,elect_td_bld,rooftop_pv,rooftop_pv,2025,0.203902275
JS,elect_td_bld,rooftop_pv,rooftop_pv,2025,0.203902275
JX,elect_td_bld,rooftop_pv,rooftop_pv,2025,0.203902275
LN,elect_td_bld,rooftop_pv,rooftop_pv,2025,0.203902275
NM,elect_td_bld,rooftop_pv,rooftop_pv,2025,0.203902275
NX,elect_td_bld,rooftop_pv,rooftop_pv,2025,0.203902275
QH,elect_td_bld,rooftop_pv,rooftop_pv,2025,0.203902275
SC,elect_td_bld,rooftop_pv,rooftop_pv,2025,0.203902275
SD,elect_td_bld,rooftop_pv,rooftop_pv,2025,0.203902275
SH,elect_td_bld,rooftop_pv,rooftop_pv,2025,0.203902275
SN,elect_td_bld,rooftop_pv,rooftop_pv,2025,0.203902275
SX,elect_td_bld,rooftop_pv,rooftop_pv,2025,0.203902275
TJ,elect_td_bld,rooftop_pv,rooftop_pv,2025,0.203902275
XJ,elect_td_bld,rooftop_pv,rooftop_pv,2025,0.203902275
XZ,elect_td_bld,rooftop_pv,rooftop_pv,2025,0.203902275
YN,elect_td_bld,rooftop_pv,rooftop_pv,2025,0.203902275
ZJ,elect_td_bld,rooftop_pv,rooftop_pv,2025,0.203902275
AH,elect_td_bld,rooftop_pv,rooftop_pv,2030,0.203902275
BJ,elect_td_bld,rooftop_pv,rooftop_pv,2030,0.203902275
CQ,elect_td_bld,rooftop_pv,rooftop_pv,2030,0.203902275
FJ,elect_td_bld,rooftop_pv,rooftop_pv,2030,0.203902275
GD,elect_td_bld,rooftop_pv,rooftop_pv,2030,0.203902275
GS,elect_td_bld,rooftop_pv,rooftop_pv,2030,0.203902275
GX,elect_td_bld,rooftop_pv,rooftop_pv,2030,0.203902275
GZ,elect_td_bld,rooftop_pv,rooftop_pv,2030,0.203902275
HA,elect_td_bld,rooftop_pv,rooftop_pv,2030,0.203902275
HB,elect_td_bld,rooftop_pv,rooftop_pv,2030,0.203902275
HE,elect_td_bld,rooftop_pv,rooftop_pv,2030,0.203902275
HI,elect_td_bld,rooftop_pv,rooftop_pv,2030,0.203902275
HL,elect_td_bld,rooftop_pv,rooftop_pv,2030,0.203902275
HN,elect_td_bld,rooftop_pv,rooftop_pv,2030,0.203902275
JL,elect_td_bld,rooftop_pv,rooftop_pv,2030,0.203902275
JS,elect_td_bld,rooftop_pv,rooftop_pv,2030,0.203902275
JX,elect_td_bld,rooftop_pv,rooftop_pv,2030,0.203902275
LN,elect_td_bld,rooftop_pv,rooftop_pv,2030,0.203902275
NM,elect_td_bld,rooftop_pv,rooftop_pv,2030,0.203902275
NX,elect_td_bld,rooftop_pv,rooftop_pv,2030,0.203902275
QH,elect_td_bld,rooftop_pv,rooftop_pv,2030,0.203902275
SC,elect_td_bld,rooftop_pv,rooftop_pv,2030,0.203902275
SD,elect_td_bld,rooftop_pv,rooftop_pv,2030,0.203902275
SH,elect_td_bld,rooftop_pv,rooftop_pv,2030,0.203902275
SN,elect_td_bld,rooftop_pv,rooftop_pv,2030,0.203902275
SX,elect_td_bld,rooftop_pv,rooftop_pv,2030,0.203902275
TJ,elect_td_bld,rooftop_pv,rooftop_pv,2030,0.203902275
XJ,elect_td_bld,rooftop_pv,rooftop_pv,2030,0.203902275
XZ,elect_td_bld,rooftop_pv,rooftop_pv,2030,0.203902275
YN,elect_td_bld,rooftop_pv,rooftop_pv,2030,0.203902275
ZJ,elect_td_bld,rooftop_pv,rooftop_pv,2030,0.203902275
AH,elect_td_bld,rooftop_pv,rooftop_pv,2035,0.203902275
BJ,elect_td_bld,rooftop_pv,rooftop_pv,2035,0.203902275
CQ,elect_td_bld,rooftop_pv,rooftop_pv,2035,0.203902275
FJ,elect_td_bld,rooftop_pv,rooftop_pv,2035,0.203902275
GD,elect_td_bld,rooftop_pv,rooftop_pv,2035,0.203902275
GS,elect_td_bld,rooftop_pv,rooftop_pv,2035,0.203902275
GX,elect_td_bld,rooftop_pv,rooftop_pv,2035,0.203902275
GZ,elect_td_bld,rooftop_pv,rooftop_pv,2035,0.203902275
HA,elect_td_bld,rooftop_pv,rooftop_pv,2035,0.203902275
HB,elect_td_bld,rooftop_pv,rooftop_pv,2035,0.203902275
HE,elect_td_bld,rooftop_pv,rooftop_pv,2035,0.203902275
HI,elect_td_bld,rooftop_pv,rooftop_pv,2035,0.203902275
HL,elect_td_bld,rooftop_pv,rooftop_pv,2035,0.203902275
HN,elect_td_bld,rooftop_pv,rooftop_pv,2035,0.203902275
JL,elect_td_bld,rooftop_pv,rooftop_pv,2035,0.203902275
JS,elect_td_bld,rooftop_pv,rooftop_pv,2035,0.203902275
JX,elect_td_bld,rooftop_pv,rooftop_pv,2035,0.203902275
LN,elect_td_bld,rooftop_pv,rooftop_pv,2035,0.203902275
NM,elect_td_bld,rooftop_pv,rooftop_pv,2035,0.203902275
NX,elect_td_bld,rooftop_pv,rooftop_pv,2035,0.203902275
QH,elect_td_bld,rooftop_pv,rooftop_pv,2035,0.203902275
SC,elect_td_bld,rooftop_pv,rooftop_pv,2035,0.203902275
SD,elect_td_bld,rooftop_pv,rooftop_pv,2035,0.203902275
SH,elect_td_bld,rooftop_pv,rooftop_pv,2035,0.203902275
SN,elect_td_bld,rooftop_pv,rooftop_pv,2035,0.203902275
SX,elect_td_bld,rooftop_pv,rooftop_pv,2035,0.203902275
TJ,elect_td_bld,rooftop_pv,rooftop_pv,2035,0.203902275
XJ,elect_td_bld,rooftop_pv,rooftop_pv,2035,0.203902275
XZ,elect_td_bld,rooftop_pv,rooftop_pv,2035,0.203902275
YN,elect_td_bld,rooftop_pv,rooftop_pv,2035,0.203902275
ZJ,elect_td_bld,rooftop_pv,rooftop_pv,2035,0.203902275
AH,elect_td_bld,rooftop_pv,rooftop_pv,2040,0.203902275
BJ,elect_td_bld,rooftop_pv,rooftop_pv,2040,0.203902275
CQ,elect_td_bld,rooftop_pv,rooftop_pv,2040,0.203902275
FJ,elect_td_bld,rooftop_pv,rooftop_pv,2040,0.203902275
GD,elect_td_bld,rooftop_pv,rooftop_pv,2040,0.203902275
GS,elect_td_bld,rooftop_pv,rooftop_pv,2040,0.203902275
GX,elect_td_bld,rooftop_pv,rooftop_pv,2040,0.203902275
GZ,elect_td_bld,rooftop_pv,rooftop_pv,2040,0.203902275
HA,elect_td_bld,rooftop_pv,rooftop_pv,2040,0.203902275
HB,elect_td_bld,rooftop_pv,rooftop_pv,2040,0.203902275
HE,elect_td_bld,rooftop_pv,rooftop_pv,2040,0.203902275
HI,elect_td_bld,rooftop_pv,rooftop_pv,2040,0.203902275
HL,elect_td_bld,rooftop_pv,rooftop_pv,2040,0.203902275
HN,elect_td_bld,rooftop_pv,rooftop_pv,2040,0.203902275
JL,elect_td_bld,rooftop_pv,rooftop_pv,2040,0.203902275
JS,elect_td_bld,rooftop_pv,rooftop_pv,2040,0.203902275
JX,elect_td_bld,rooftop_pv,rooftop_pv,2040,0.203902275
LN,elect_td_bld,rooftop_pv,rooftop_pv,2040,0.203902275
NM,elect_td_bld,rooftop_pv,rooftop_pv,2040,0.203902275
NX,elect_td_bld,rooftop_pv,rooftop_pv,2040,0.203902275
QH,elect_td_bld,rooftop_pv,rooftop_pv,2040,0.203902275
SC,elect_td_bld,rooftop_pv,rooftop_pv,2040,0.203902275
SD,elect_td_bld,rooftop_pv,rooftop_pv,2040,0.203902275
SH,elect_td_bld,rooftop_pv,rooftop_pv,2040,0.203902275
SN,elect_td_bld,rooftop_pv,rooftop_pv,2040,0.203902275
SX,elect_td_bld,rooftop_pv,rooftop_pv,2040,0.203902275
TJ,elect_td_bld,rooftop_pv,rooftop_pv,2040,0.203902275
XJ,elect_td_bld,rooftop_pv,rooftop_pv,2040,0.203902275
XZ,elect_td_bld,rooftop_pv,rooftop_pv,2040,0.203902275
YN,elect_td_bld,rooftop_pv,rooftop_pv,2040,0.203902275
ZJ,elect_td_bld,rooftop_pv,rooftop_pv,2040,0.203902275
AH,elect_td_bld,rooftop_pv,rooftop_pv,2045,0.203902275
BJ,elect_td_bld,rooftop_pv,rooftop_pv,2045,0.203902275
CQ,elect_td_bld,rooftop_pv,rooftop_pv,2045,0.203902275
FJ,elect_td_bld,rooftop_pv,rooftop_pv,2045,0.203902275
GD,elect_td_bld,rooftop_pv,rooftop_pv,2045,0.203902275
GS,elect_td_bld,rooftop_pv,rooftop_pv,2045,0.203902275
GX,elect_td_bld,rooftop_pv,rooftop_pv,2045,0.203902275
GZ,elect_td_bld,rooftop_pv,rooftop_pv,2045,0.203902275
HA,elect_td_bld,rooftop_pv,rooftop_pv,2045,0.203902275
HB,elect_td_bld,rooftop_pv,rooftop_pv,2045,0.203902275
HE,elect_td_bld,rooftop_pv,rooftop_pv,2045,0.203902275
HI,elect_td_bld,rooftop_pv,rooftop_pv,2045,0.203902275
HL,elect_td_bld,rooftop_pv,rooftop_pv,2045,0.203902275
HN,elect_td_bld,rooftop_pv,rooftop_pv,2045,0.203902275
JL,elect_td_bld,rooftop_pv,rooftop_pv,2045,0.203902275
JS,elect_td_bld,rooftop_pv,rooftop_pv,2045,0.203902275
JX,elect_td_bld,rooftop_pv,rooftop_pv,2045,0.203902275
LN,elect_td_bld,rooftop_pv,rooftop_pv,2045,0.203902275
NM,elect_td_bld,rooftop_pv,rooftop_pv,2045,0.203902275
NX,elect_td_bld,rooftop_pv,rooftop_pv,2045,0.203902275
QH,elect_td_bld,rooftop_pv,rooftop_pv,2045,0.203902275
SC,elect_td_bld,rooftop_pv,rooftop_pv,2045,0.203902275
SD,elect_td_bld,rooftop_pv,rooftop_pv,2045,0.203902275
SH,elect_td_bld,rooftop_pv,rooftop_pv,2045,0.203902275
SN,elect_td_bld,rooftop_pv,rooftop_pv,2045,0.203902275
SX,elect_td_bld,rooftop_pv,rooftop_pv,2045,0.203902275
TJ,elect_td_bld,rooftop_pv,rooftop_pv,2045,0.203902275
XJ,elect_td_bld,rooftop_pv,rooftop_pv,2045,0.203902275
XZ,elect_td_bld,rooftop_pv,rooftop_pv,2045,0.203902275
YN,elect_td_bld,rooftop_pv,rooftop_pv,2045,0.203902275
ZJ,elect_td_bld,rooftop_pv,rooftop_pv,2045,0.203902275
AH,elect_td_bld,rooftop_pv,rooftop_pv,2050,0.203902275
BJ,elect_td_bld,rooftop_pv,rooftop_pv,2050,0.203902275
CQ,elect_td_bld,rooftop_pv,rooftop_pv,2050,0.203902275
FJ,elect_td_bld,rooftop_pv,rooftop_pv,2050,0.203902275
GD,elect_td_bld,rooftop_pv,rooftop_pv,2050,0.203902275
GS,elect_td_bld,rooftop_pv,rooftop_pv,2050,0.203902275
GX,elect_td_bld,rooftop_pv,rooftop_pv,2050,0.203902275
GZ,elect_td_bld,rooftop_pv,rooftop_pv,2050,0.203902275
HA,elect_td_bld,rooftop_pv,rooftop_pv,2050,0.203902275
HB,elect_td_bld,rooftop_pv,rooftop_pv,2050,0.203902275
HE,elect_td_bld,rooftop_pv,rooftop_pv,2050,0.203902275
HI,elect_td_bld,rooftop_pv,rooftop_pv,2050,0.203902275
HL,elect_td_bld,rooftop_pv,rooftop_pv,2050,0.203902275
HN,elect_td_bld,rooftop_pv,rooftop_pv,2050,0.203902275
JL,elect_td_bld,rooftop_pv,rooftop_pv,2050,0.203902275
JS,elect_td_bld,rooftop_pv,rooftop_pv,2050,0.203902275
JX,elect_td_bld,rooftop_pv,rooftop_pv,2050,0.203902275
LN,elect_td_bld,rooftop_pv,rooftop_pv,2050,0.203902275
NM,elect_td_bld,rooftop_pv,rooftop_pv,2050,0.203902275
NX,elect_td_bld,rooftop_pv,rooftop_pv,2050,0.203902275
QH,elect_td_bld,rooftop_pv,rooftop_pv,2050,0.203902275
SC,elect_td_bld,rooftop_pv,rooftop_pv,2050,0.203902275
SD,elect_td_bld,rooftop_pv,rooftop_pv,2050,0.203902275
SH,elect_td_bld,rooftop_pv,rooftop_pv,2050,0.203902275
SN,elect_td_bld,rooftop_pv,rooftop_pv,2050,0.203902275
SX,elect_td_bld,rooftop_pv,rooftop_pv,2050,0.203902275
TJ,elect_td_bld,rooftop_pv,rooftop_pv,2050,0.203902275
XJ,elect_td_bld,rooftop_pv,rooftop_pv,2050,0.203902275
XZ,elect_td_bld,rooftop_pv,rooftop_pv,2050,0.203902275
YN,elect_td_bld,rooftop_pv,rooftop_pv,2050,0.203902275
ZJ,elect_td_bld,rooftop_pv,rooftop_pv,2050,0.203902275
AH,elect_td_bld,rooftop_pv,rooftop_pv,2055,0.203902275
BJ,elect_td_bld,rooftop_pv,rooftop_pv,2055,0.203902275
CQ,elect_td_bld,rooftop_pv,rooftop_pv,2055,0.203902275
FJ,elect_td_bld,rooftop_pv,rooftop_pv,2055,0.203902275
GD,elect_td_bld,rooftop_pv,rooftop_pv,2055,0.203902275
GS,elect_td_bld,rooftop_pv,rooftop_pv,2055,0.203902275
GX,elect_td_bld,rooftop_pv,rooftop_pv,2055,0.203902275
GZ,elect_td_bld,rooftop_pv,rooftop_pv,2055,0.203902275
HA,elect_td_bld,rooftop_pv,rooftop_pv,2055,0.203902275
HB,elect_td_bld,rooftop_pv,rooftop_pv,2055,0.203902275
HE,elect_td_bld,rooftop_pv,rooftop_pv,2055,0.203902275
HI,elect_td_bld,rooftop_pv,rooftop_pv,2055,0.203902275
HL,elect_td_bld,rooftop_pv,rooftop_pv,2055,0.203902275
HN,elect_td_bld,rooftop_pv,rooftop_pv,2055,0.203902275
JL,elect_td_bld,rooftop_pv,rooftop_pv,2055,0.203902275
JS,elect_td_bld,rooftop_pv,rooftop_pv,2055,0.203902275
JX,elect_td_bld,rooftop_pv,rooftop_pv,2055,0.203902275
LN,elect_td_bld,rooftop_pv,rooftop_pv,2055,0.203902275
NM,elect_td_bld,rooftop_pv,rooftop_pv,2055,0.203902275
NX,elect_td_bld,rooftop_pv,rooftop_pv,2055,0.203902275
QH,elect_td_bld,rooftop_pv,rooftop_pv,2055,0.203902275
SC,elect_td_bld,rooftop_pv,rooftop_pv,2055,0.203902275
SD,elect_td_bld,rooftop_pv,rooftop_pv,2055,0.203902275
SH,elect_td_bld,rooftop_pv,rooftop_pv,2055,0.203902275
SN,elect_td_bld,rooftop_pv,rooftop_pv,2055,0.203902275
SX,elect_td_bld,rooftop_pv,rooftop_pv,2055,0.203902275
TJ,elect_td_bld,rooftop_pv,rooftop_pv,2055,0.203902275
XJ,elect_td_bld,rooftop_pv,rooftop_pv,2055,0.203902275
XZ,elect_td_bld,rooftop_pv,rooftop_pv,2055,0.203902275
YN,elect_td_bld,rooftop_pv,rooftop_pv,2055,0.203902275
ZJ,elect_td_bld,rooftop_pv,rooftop_pv,2055,0.203902275
AH,elect_td_bld,rooftop_pv,rooftop_pv,2060,0.203902275
BJ,elect_td_bld,rooftop_pv,rooftop_pv,2060,0.203902275
CQ,elect_td_bld,rooftop_pv,rooftop_pv,2060,0.203902275
FJ,elect_td_bld,rooftop_pv,rooftop_pv,2060,0.203902275
GD,elect_td_bld,rooftop_pv,rooftop_pv,2060,0.203902275
GS,elect_td_bld,rooftop_pv,rooftop_pv,2060,0.203902275
GX,elect_td_bld,rooftop_pv,rooftop_pv,2060,0.203902275
GZ,elect_td_bld,rooftop_pv,rooftop_pv,2060,0.203902275
HA,elect_td_bld,rooftop_pv,rooftop_pv,2060,0.203902275
HB,elect_td_bld,rooftop_pv,rooftop_pv,2060,0.203902275
HE,elect_td_bld,rooftop_pv,rooftop_pv,2060,0.203902275
HI,elect_td_bld,rooftop_pv,rooftop_pv,2060,0.203902275
HL,elect_td_bld,rooftop_pv,rooftop_pv,2060,0.203902275
HN,elect_td_bld,rooftop_pv,rooftop_pv,2060,0.203902275
JL,elect_td_bld,rooftop_pv,rooftop_pv,2060,0.203902275
JS,elect_td_bld,rooftop_pv,rooftop_pv,2060,0.203902275
JX,elect_td_bld,rooftop_pv,rooftop_pv,2060,0.203902275
LN,elect_td_bld,rooftop_pv,rooftop_pv,2060,0.203902275
NM,elect_td_bld,rooftop_pv,rooftop_pv,2060,0.203902275
NX,elect_td_bld,rooftop_pv,rooftop_pv,2060,0.203902275
QH,elect_td_bld,rooftop_pv,rooftop_pv,2060,0.203902275
SC,elect_td_bld,rooftop_pv,rooftop_pv,2060,0.203902275
SD,elect_td_bld,rooftop_pv,rooftop_pv,2060,0.203902275
SH,elect_td_bld,rooftop_pv,rooftop_pv,2060,0.203902275
SN,elect_td_bld,rooftop_pv,rooftop_pv,2060,0.203902275
SX,elect_td_bld,rooftop_pv,rooftop_pv,2060,0.203902275
TJ,elect_td_bld,rooftop_pv,rooftop_pv,2060,0.203902275
XJ,elect_td_bld,rooftop_pv,rooftop_pv,2060,0.203902275
XZ,elect_td_bld,rooftop_pv,rooftop_pv,2060,0.203902275
YN,elect_td_bld,rooftop_pv,rooftop_pv,2060,0.203902275
ZJ,elect_td_bld,rooftop_pv,rooftop_pv,2060,0.203902275
AH,elect_td_bld,rooftop_pv,rooftop_pv,2065,0.203902275
BJ,elect_td_bld,rooftop_pv,rooftop_pv,2065,0.203902275
CQ,elect_td_bld,rooftop_pv,rooftop_pv,2065,0.203902275
FJ,elect_td_bld,rooftop_pv,rooftop_pv,2065,0.203902275
GD,elect_td_bld,rooftop_pv,rooftop_pv,2065,0.203902275
GS,elect_td_bld,rooftop_pv,rooftop_pv,2065,0.203902275
GX,elect_td_bld,rooftop_pv,rooftop_pv,2065,0.203902275
GZ,elect_td_bld,rooftop_pv,rooftop_pv,2065,0.203902275
HA,elect_td_bld,rooftop_pv,rooftop_pv,2065,0.203902275
HB,elect_td_bld,rooftop_pv,rooftop_pv,2065,0.203902275
HE,elect_td_bld,rooftop_pv,rooftop_pv,2065,0.203902275
HI,elect_td_bld,rooftop_pv,rooftop_pv,2065,0.203902275
HL,elect_td_bld,rooftop_pv,rooftop_pv,2065,0.203902275
HN,elect_td_bld,rooftop_pv,rooftop_pv,2065,0.203902275
JL,elect_td_bld,rooftop_pv,rooftop_pv,2065,0.203902275
JS,elect_td_bld,rooftop_pv,rooftop_pv,2065,0.203902275
JX,elect_td_bld,rooftop_pv,rooftop_pv,2065,0.203902275
LN,elect_td_bld,rooftop_pv,rooftop_pv,2065,0.203902275
NM,elect_td_bld,rooftop_pv,rooftop_pv,2065,0.203902275
NX,elect_td_bld,rooftop_pv,rooftop_pv,2065,0.203902275
QH,elect_td_bld,rooftop_pv,rooftop_pv,2065,0.203902275
SC,elect_td_bld,rooftop_pv,rooftop_pv,2065,0.203902275
SD,elect_td_bld,rooftop_pv,rooftop_pv,2065,0.203902275
SH,elect_td_bld,rooftop_pv,rooftop_pv,2065,0.203902275
SN,elect_td_bld,rooftop_pv,rooftop_pv,2065,0.203902275
SX,elect_td_bld,rooftop_pv,rooftop_pv,2065,0.203902275
TJ,elect_td_bld,rooftop_pv,rooftop_pv,2065,0.203902275
XJ,elect_td_bld,rooftop_pv,rooftop_pv,2065,0.203902275
XZ,elect_td_bld,rooftop_pv,rooftop_pv,2065,0.203902275
YN,elect_td_bld,rooftop_pv,rooftop_pv,2065,0.203902275
ZJ,elect_td_bld,rooftop_pv,rooftop_pv,2065,0.203902275
AH,elect_td_bld,rooftop_pv,rooftop_pv,2070,0.203902275
BJ,elect_td_bld,rooftop_pv,rooftop_pv,2070,0.203902275
CQ,elect_td_bld,rooftop_pv,rooftop_pv,2070,0.203902275
FJ,elect_td_bld,rooftop_pv,rooftop_pv,2070,0.203902275
GD,elect_td_bld,rooftop_pv,rooftop_pv,2070,0.203902275
GS,elect_td_bld,rooftop_pv,rooftop_pv,2070,0.203902275
GX,elect_td_bld,rooftop_pv,rooftop_pv,2070,0.203902275
GZ,elect_td_bld,rooftop_pv,rooftop_pv,2070,0.203902275
HA,elect_td_bld,rooftop_pv,rooftop_pv,2070,0.203902275
HB,elect_td_bld,rooftop_pv,rooftop_pv,2070,0.203902275
HE,elect_td_bld,rooftop_pv,rooftop_pv,2070,0.203902275
HI,elect_td_bld,rooftop_pv,rooftop_pv,2070,0.203902275
HL,elect_td_bld,rooftop_pv,rooftop_pv,2070,0.203902275
HN,elect_td_bld,rooftop_pv,rooftop_pv,2070,0.203902275
JL,elect_td_bld,rooftop_pv,rooftop_pv,2070,0.203902275
JS,elect_td_bld,rooftop_pv,rooftop_pv,2070,0.203902275
JX,elect_td_bld,rooftop_pv,rooftop_pv,2070,0.203902275
LN,elect_td_bld,rooftop_pv,rooftop_pv,2070,0.203902275
NM,elect_td_bld,rooftop_pv,rooftop_pv,2070,0.203902275
NX,elect_td_bld,rooftop_pv,rooftop_pv,2070,0.203902275
QH,elect_td_bld,rooftop_pv,rooftop_pv,2070,0.203902275
SC,elect_td_bld,rooftop_pv,rooftop_pv,2070,0.203902275
SD,elect_td_bld,rooftop_pv,rooftop_pv,2070,0.203902275
SH,elect_td_bld,rooftop_pv,rooftop_pv,2070,0.203902275
SN,elect_td_bld,rooftop_pv,rooftop_pv,2070,0.203902275
SX,elect_td_bld,rooftop_pv,rooftop_pv,2070,0.203902275
TJ,elect_td_bld,rooftop_pv,rooftop_pv,2070,0.203902275
XJ,elect_td_bld,rooftop_pv,rooftop_pv,2070,0.203902275
XZ,elect_td_bld,rooftop_pv,rooftop_pv,2070,0.203902275
YN,elect_td_bld,rooftop_pv,rooftop_pv,2070,0.203902275
ZJ,elect_td_bld,rooftop_pv,rooftop_pv,2070,0.203902275
AH,elect_td_bld,rooftop_pv,rooftop_pv,2075,0.203902275
BJ,elect_td_bld,rooftop_pv,rooftop_pv,2075,0.203902275
CQ,elect_td_bld,rooftop_pv,rooftop_pv,2075,0.203902275
FJ,elect_td_bld,rooftop_pv,rooftop_pv,2075,0.203902275
GD,elect_td_bld,rooftop_pv,rooftop_pv,2075,0.203902275
GS,elect_td_bld,rooftop_pv,rooftop_pv,2075,0.203902275
GX,elect_td_bld,rooftop_pv,rooftop_pv,2075,0.203902275
GZ,elect_td_bld,rooftop_pv,rooftop_pv,2075,0.203902275
HA,elect_td_bld,rooftop_pv,rooftop_pv,2075,0.203902275
HB,elect_td_bld,rooftop_pv,rooftop_pv,2075,0.203902275
HE,elect_td_bld,rooftop_pv,rooftop_pv,2075,0.203902275
HI,elect_td_bld,rooftop_pv,rooftop_pv,2075,0.203902275
HL,elect_td_bld,rooftop_pv,rooftop_pv,2075,0.203902275
HN,elect_td_bld,rooftop_pv,rooftop_pv,2075,0.203902275
JL,elect_td_bld,rooftop_pv,rooftop_pv,2075,0.203902275
JS,elect_td_bld,rooftop_pv,rooftop_pv,2075,0.203902275
JX,elect_td_bld,rooftop_pv,rooftop_pv,2075,0.203902275
LN,elect_td_bld,rooftop_pv,rooftop_pv,2075,0.203902275
NM,elect_td_bld,rooftop_pv,rooftop_pv,2075,0.203902275
NX,elect_td_bld,rooftop_pv,rooftop_pv,2075,0.203902275
QH,elect_td_bld,rooftop_pv,rooftop_pv,2075,0.203902275
SC,elect_td_bld,rooftop_pv,rooftop_pv,2075,0.203902275
SD,elect_td_bld,rooftop_pv,rooftop_pv,2075,0.203902275
SH,elect_td_bld,rooftop_pv,rooftop_pv,2075,0.203902275
SN,elect_td_bld,rooftop_pv,rooftop_pv,2075,0.203902275
SX,elect_td_bld,rooftop_pv,rooftop_pv,2075,0.203902275
TJ,elect_td_bld,rooftop_pv,rooftop_pv,2075,0.203902275
XJ,elect_td_bld,rooftop_pv,rooftop_pv,2075,0.203902275
XZ,elect_td_bld,rooftop_pv,rooftop_pv,2075,0.203902275
YN,elect_td_bld,rooftop_pv,rooftop_pv,2075,0.203902275
ZJ,elect_td_bld,rooftop_pv,rooftop_pv,2075,0.203902275
AH,elect_td_bld,rooftop_pv,rooftop_pv,2080,0.203902275
BJ,elect_td_bld,rooftop_pv,rooftop_pv,2080,0.203902275
CQ,elect_td_bld,rooftop_pv,rooftop_pv,2080,0.203902275
FJ,elect_td_bld,rooftop_pv,rooftop_pv,2080,0.203902275
GD,elect_td_bld,rooftop_pv,rooftop_pv,2080,0.203902275
GS,elect_td_bld,rooftop_pv,rooftop_pv,2080,0.203902275
GX,elect_td_bld,rooftop_pv,rooftop_pv,2080,0.203902275
GZ,elect_td_bld,rooftop_pv,rooftop_pv,2080,0.203902275
HA,elect_td_bld,rooftop_pv,rooftop_pv,2080,0.203902275
HB,elect_td_bld,rooftop_pv,rooftop_pv,2080,0.203902275
HE,elect_td_bld,rooftop_pv,rooftop_pv,2080,0.203902275
HI,elect_td_bld,rooftop_pv,rooftop_pv,2080,0.203902275
HL,elect_td_bld,rooftop_pv,rooftop_pv,2080,0.203902275
HN,elect_td_bld,rooftop_pv,rooftop_pv,2080,0.203902275
JL,elect_td_bld,rooftop_pv,rooftop_pv,2080,0.203902275
JS,elect_td_bld,rooftop_pv,rooftop_pv,2080,0.203902275
JX,elect_td_bld,rooftop_pv,rooftop_pv,2080,0.203902275
LN,elect_td_bld,rooftop_pv,rooftop_pv,2080,0.203902275
NM,elect_td_bld,rooftop_pv,rooftop_pv,2080,0.203902275
NX,elect_td_bld,rooftop_pv,rooftop_pv,2080,0.203902275
QH,elect_td_bld,rooftop_pv,rooftop_pv,2080,0.203902275
SC,elect_td_bld,rooftop_pv,rooftop_pv,2080,0.203902275
SD,elect_td_bld,rooftop_pv,rooftop_pv,2080,0.203902275
SH,elect_td_bld,rooftop_pv,rooftop_pv,2080,0.203902275
SN,elect_td_bld,rooftop_pv,rooftop_pv,2080,0.203902275
SX,elect_td_bld,rooftop_pv,rooftop_pv,2080,0.203902275
TJ,elect_td_bld,rooftop_pv,rooftop_pv,2080,0.203902275
XJ,elect_td_bld,rooftop_pv,rooftop_pv,2080,0.203902275
XZ,elect_td_bld,rooftop_pv,rooftop_pv,2080,0.203902275
YN,elect_td_bld,rooftop_pv,rooftop_pv,2080,0.203902275
ZJ,elect_td_bld,rooftop_pv,rooftop_pv,2080,0.203902275
AH,elect_td_bld,rooftop_pv,rooftop_pv,2085,0.203902275
BJ,elect_td_bld,rooftop_pv,rooftop_pv,2085,0.203902275
CQ,elect_td_bld,rooftop_pv,rooftop_pv,2085,0.203902275
FJ,elect_td_bld,rooftop_pv,rooftop_pv,2085,0.203902275
GD,elect_td_bld,rooftop_pv,rooftop_pv,2085,0.203902275
GS,elect_td_bld,rooftop_pv,rooftop_pv,2085,0.203902275
GX,elect_td_bld,rooftop_pv,rooftop_pv,2085,0.203902275
GZ,elect_td_bld,rooftop_pv,rooftop_pv,2085,0.203902275
HA,elect_td_bld,rooftop_pv,rooftop_pv,2085,0.203902275
HB,elect_td_bld,rooftop_pv,rooftop_pv,2085,0.203902275
HE,elect_td_bld,rooftop_pv,rooftop_pv,2085,0.203902275
HI,elect_td_bld,rooftop_pv,rooftop_pv,2085,0.203902275
HL,elect_td_bld,rooftop_pv,rooftop_pv,2085,0.203902275
HN,elect_td_bld,rooftop_pv,rooftop_pv,2085,0.203902275
JL,elect_td_bld,rooftop_pv,rooftop_pv,2085,0.203902275
JS,elect_td_bld,rooftop_pv,rooftop_pv,2085,0.203902275
JX,elect_td_bld,rooftop_pv,rooftop_pv,2085,0.203902275
LN,elect_td_bld,rooftop_pv,rooftop_pv,2085,0.203902275
NM,elect_td_bld,rooftop_pv,rooftop_pv,2085,0.203902275
NX,elect_td_bld,rooftop_pv,rooftop_pv,2085,0.203902275
QH,elect_td_bld,rooftop_pv,rooftop_pv,2085,0.203902275
SC,elect_td_bld,rooftop_pv,rooftop_pv,2085,0.203902275
SD,elect_td_bld,rooftop_pv,rooftop_pv,2085,0.203902275
SH,elect_td_bld,rooftop_pv,rooftop_pv,2085,0.203902275
SN,elect_td_bld,rooftop_pv,rooftop_pv,2085,0.203902275
SX,elect_td_bld,rooftop_pv,rooftop_pv,2085,0.203902275
TJ,elect_td_bld,rooftop_pv,rooftop_pv,2085,0.203902275
XJ,elect_td_bld,rooftop_pv,rooftop_pv,2085,0.203902275
XZ,elect_td_bld,rooftop_pv,rooftop_pv,2085,0.203902275
YN,elect_td_bld,rooftop_pv,rooftop_pv,2085,0.203902275
ZJ,elect_td_bld,rooftop_pv,rooftop_pv,2085,0.203902275
AH,elect_td_bld,rooftop_pv,rooftop_pv,2090,0.203902275
BJ,elect_td_bld,rooftop_pv,rooftop_pv,2090,0.203902275
CQ,elect_td_bld,rooftop_pv,rooftop_pv,2090,0.203902275
FJ,elect_td_bld,rooftop_pv,rooftop_pv,2090,0.203902275
GD,elect_td_bld,rooftop_pv,rooftop_pv,2090,0.203902275
GS,elect_td_bld,rooftop_pv,rooftop_pv,2090,0.203902275
GX,elect_td_bld,rooftop_pv,rooftop_pv,2090,0.203902275
GZ,elect_td_bld,rooftop_pv,rooftop_pv,2090,0.203902275
HA,elect_td_bld,rooftop_pv,rooftop_pv,2090,0.203902275
HB,elect_td_bld,rooftop_pv,rooftop_pv,2090,0.203902275
HE,elect_td_bld,rooftop_pv,rooftop_pv,2090,0.203902275
HI,elect_td_bld,rooftop_pv,rooftop_pv,2090,0.203902275
HL,elect_td_bld,rooftop_pv,rooftop_pv,2090,0.203902275
HN,elect_td_bld,rooftop_pv,rooftop_pv,2090,0.203902275
JL,elect_td_bld,rooftop_pv,rooftop_pv,2090,0.203902275
JS,elect_td_bld,rooftop_pv,rooftop_pv,2090,0.203902275
JX,elect_td_bld,rooftop_pv,rooftop_pv,2090,0.203902275
LN,elect_td_bld,rooftop_pv,rooftop_pv,2090,0.203902275
NM,elect_td_bld,rooftop_pv,rooftop_pv,2090,0.203902275
NX,elect_td_bld,rooftop_pv,rooftop_pv,2090,0.203902275
QH,elect_td_bld,rooftop_pv,rooftop_pv,2090,0.203902275
SC,elect_td_bld,rooftop_pv,rooftop_pv,2090,0.203902275
SD,elect_td_bld,rooftop_pv,rooftop_pv,2090,0.203902275
SH,elect_td_bld,rooftop_pv,rooftop_pv,2090,0.203902275
SN,elect_td_bld,rooftop_pv,rooftop_pv,2090,0.203902275
SX,elect_td_bld,rooftop_pv,rooftop_pv,2090,0.203902275
TJ,elect_td_bld,rooftop_pv,rooftop_pv,2090,0.203902275
XJ,elect_td_bld,rooftop_pv,rooftop_pv,2090,0.203902275
XZ,elect_td_bld,rooftop_pv,rooftop_pv,2090,0.203902275
YN,elect_td_bld,rooftop_pv,rooftop_pv,2090,0.203902275
ZJ,elect_td_bld,rooftop_pv,rooftop_pv,2090,0.203902275
AH,elect_td_bld,rooftop_pv,rooftop_pv,2095,0.203902275
BJ,elect_td_bld,rooftop_pv,rooftop_pv,2095,0.203902275
CQ,elect_td_bld,rooftop_pv,rooftop_pv,2095,0.203902275
FJ,elect_td_bld,rooftop_pv,rooftop_pv,2095,0.203902275
GD,elect_td_bld,rooftop_pv,rooftop_pv,2095,0.203902275
GS,elect_td_bld,rooftop_pv,rooftop_pv,2095,0.203902275
GX,elect_td_bld,rooftop_pv,rooftop_pv,2095,0.203902275
GZ,elect_td_bld,rooftop_pv,rooftop_pv,2095,0.203902275
HA,elect_td_bld,rooftop_pv,rooftop_pv,2095,0.203902275
HB,elect_td_bld,rooftop_pv,rooftop_pv,2095,0.203902275
HE,elect_td_bld,rooftop_pv,rooftop_pv,2095,0.203902275
HI,elect_td_bld,rooftop_pv,rooftop_pv,2095,0.203902275
HL,elect_td_bld,rooftop_pv,rooftop_pv,2095,0.203902275
HN,elect_td_bld,rooftop_pv,rooftop_pv,2095,0.203902275
JL,elect_td_bld,rooftop_pv,rooftop_pv,2095,0.203902275
JS,elect_td_bld,rooftop_pv,rooftop_pv,2095,0.203902275
JX,elect_td_bld,rooftop_pv,rooftop_pv,2095,0.203902275
LN,elect_td_bld,rooftop_pv,rooftop_pv,2095,0.203902275
NM,elect_td_bld,rooftop_pv,rooftop_pv,2095,0.203902275
NX,elect_td_bld,rooftop_pv,rooftop_pv,2095,0.203902275
QH,elect_td_bld,rooftop_pv,rooftop_pv,2095,0.203902275
SC,elect_td_bld,rooftop_pv,rooftop_pv,2095,0.203902275
SD,elect_td_bld,rooftop_pv,rooftop_pv,2095,0.203902275
SH,elect_td_bld,rooftop_pv,rooftop_pv,2095,0.203902275
SN,elect_td_bld,rooftop_pv,rooftop_pv,2095,0.203902275
SX,elect_td_bld,rooftop_pv,rooftop_pv,2095,0.203902275
TJ,elect_td_bld,rooftop_pv,rooftop_pv,2095,0.203902275
XJ,elect_td_bld,rooftop_pv,rooftop_pv,2095,0.203902275
XZ,elect_td_bld,rooftop_pv,rooftop_pv,2095,0.203902275
YN,elect_td_bld,rooftop_pv,rooftop_pv,2095,0.203902275
ZJ,elect_td_bld,rooftop_pv,rooftop_pv,2095,0.203902275
AH,elect_td_bld,rooftop_pv,rooftop_pv,2100,0.203902275
BJ,elect_td_bld,rooftop_pv,rooftop_pv,2100,0.203902275
CQ,elect_td_bld,rooftop_pv,rooftop_pv,2100,0.203902275
FJ,elect_td_bld,rooftop_pv,rooftop_pv,2100,0.203902275
GD,elect_td_bld,rooftop_pv,rooftop_pv,2100,0.203902275
GS,elect_td_bld,rooftop_pv,rooftop_pv,2100,0.203902275
GX,elect_td_bld,rooftop_pv,rooftop_pv,2100,0.203902275
GZ,elect_td_bld,rooftop_pv,rooftop_pv,2100,0.203902275
HA,elect_td_bld,rooftop_pv,rooftop_pv,2100,0.203902275
HB,elect_td_bld,rooftop_pv,rooftop_pv,2100,0.203902275
HE,elect_td_bld,rooftop_pv,rooftop_pv,2100,0.203902275
HI,elect_td_bld,rooftop_pv,rooftop_pv,2100,0.203902275
HL,elect_td_bld,rooftop_pv,rooftop_pv,2100,0.203902275
HN,elect_td_bld,rooftop_pv,rooftop_pv,2100,0.203902275
JL,elect_td_bld,rooftop_pv,rooftop_pv,2100,0.203902275
JS,elect_td_bld,rooftop_pv,rooftop_pv,2100,0.203902275
JX,elect_td_bld,rooftop_pv,rooftop_pv,2100,0.203902275
LN,elect_td_bld,rooftop_pv,rooftop_pv,2100,0.203902275
NM,elect_td_bld,rooftop_pv,rooftop_pv,2100,0.203902275
NX,elect_td_bld,rooftop_pv,rooftop_pv,2100,0.203902275
QH,elect_td_bld,rooftop_pv,rooftop_pv,2100,0.203902275
SC,elect_td_bld,rooftop_pv,rooftop_pv,2100,0.203902275
SD,elect_td_bld,rooftop_pv,rooftop_pv,2100,0.203902275
SH,elect_td_bld,rooftop_pv,rooftop_pv,2100,0.203902275
SN,elect_td_bld,rooftop_pv,rooftop_pv,2100,0.203902275
SX,elect_td_bld,rooftop_pv,rooftop_pv,2100,0.203902275
TJ,elect_td_bld,rooftop_pv,rooftop_pv,2100,0.203902275
XJ,elect_td_bld,rooftop_pv,rooftop_pv,2100,0.203902275
XZ,elect_td_bld,rooftop_pv,rooftop_pv,2100,0.203902275
YN,elect_td_bld,rooftop_pv,rooftop_pv,2100,0.203902275
ZJ,elect_td_bld,rooftop_pv,rooftop_pv,2100,0.203902275
AH,electricity,solar,PV_storage,1975,0.2159
AH,electricity,solar,PV_storage,1990,0.2159
AH,electricity,solar,PV_storage,2005,0.2159
AH,electricity,solar,PV_storage,2010,0.2159
AH,electricity,solar,PV_storage,2015,0.2159
AH,electricity,solar,PV_storage,2020,0.2159
AH,electricity,solar,PV_storage,2025,0.2159
AH,electricity,solar,PV_storage,2030,0.2159
AH,electricity,solar,PV_storage,2035,0.2159
AH,electricity,solar,PV_storage,2040,0.2159
AH,electricity,solar,PV_storage,2045,0.2159
AH,electricity,solar,PV_storage,2050,0.2159
AH,electricity,solar,PV_storage,2055,0.2159
AH,electricity,solar,PV_storage,2060,0.2159
AH,electricity,solar,PV_storage,2065,0.2159
AH,electricity,solar,PV_storage,2070,0.2159
AH,electricity,solar,PV_storage,2075,0.2159
AH,electricity,solar,PV_storage,2080,0.2159
AH,electricity,solar,PV_storage,2085,0.2159
AH,electricity,solar,PV_storage,2090,0.2159
AH,electricity,solar,PV_storage,2095,0.2159
AH,electricity,solar,PV_storage,2100,0.2159
AH,electricity,solar,PV,1975,0.2159
AH,electricity,solar,PV,1990,0.2159
AH,electricity,solar,PV,2005,0.2159
AH,electricity,solar,PV,2010,0.2159
AH,electricity,solar,PV,2015,0.2159
AH,electricity,solar,PV,2020,0.2159
AH,electricity,solar,PV,2025,0.2159
AH,electricity,solar,PV,2030,0.2159
AH,electricity,solar,PV,2035,0.2159
AH,electricity,solar,PV,2040,0.2159
AH,electricity,solar,PV,2045,0.2159
AH,electricity,solar,PV,2050,0.2159
AH,electricity,solar,PV,2055,0.2159
AH,electricity,solar,PV,2060,0.2159
AH,electricity,solar,PV,2065,0.2159
AH,electricity,solar,PV,2070,0.2159
AH,electricity,solar,PV,2075,0.2159
AH,electricity,solar,PV,2080,0.2159
AH,electricity,solar,PV,2085,0.2159
AH,electricity,solar,PV,2090,0.2159
AH,electricity,solar,PV,2095,0.2159
AH,electricity,solar,PV,2100,0.2159
AH,electricity,solar,CSP_storage,1975,0.373
AH,electricity,solar,CSP_storage,1990,0.373
AH,electricity,solar,CSP_storage,2005,0.373
AH,electricity,solar,CSP_storage,2010,0.373
AH,electricity,solar,CSP_storage,2015,0.373
AH,electricity,solar,CSP_storage,2020,0.373
AH,electricity,solar,CSP_storage,2025,0.373
AH,electricity,solar,CSP_storage,2030,0.373
AH,electricity,solar,CSP_storage,2035,0.373
AH,electricity,solar,CSP_storage,2040,0.373
AH,electricity,solar,CSP_storage,2045,0.373
AH,electricity,solar,CSP_storage,2050,0.373
AH,electricity,solar,CSP_storage,2055,0.373
AH,electricity,solar,CSP_storage,2060,0.373
AH,electricity,solar,CSP_storage,2065,0.373
AH,electricity,solar,CSP_storage,2070,0.373
AH,electricity,solar,CSP_storage,2075,0.373
AH,electricity,solar,CSP_storage,2080,0.373
AH,electricity,solar,CSP_storage,2085,0.373
AH,electricity,solar,CSP_storage,2090,0.373
AH,electricity,solar,CSP_storage,2095,0.373
AH,electricity,solar,CSP_storage,2100,0.373
AH,electricity,solar,CSP,1975,0.1877
AH,electricity,solar,CSP,1990,0.1877
AH,electricity,solar,CSP,2005,0.1877
AH,electricity,solar,CSP,2010,0.1877
AH,electricity,solar,CSP,2015,0.1877
AH,electricity,solar,CSP,2020,0.1877
AH,electricity,solar,CSP,2025,0.1877
AH,electricity,solar,CSP,2030,0.1877
AH,electricity,solar,CSP,2035,0.1877
AH,electricity,solar,CSP,2040,0.1877
AH,electricity,solar,CSP,2045,0.1877
AH,electricity,solar,CSP,2050,0.1877
AH,electricity,solar,CSP,2055,0.1877
AH,electricity,solar,CSP,2060,0.1877
AH,electricity,solar,CSP,2065,0.1877
AH,electricity,solar,CSP,2070,0.1877
AH,electricity,solar,CSP,2075,0.1877
AH,electricity,solar,CSP,2080,0.1877
AH,electricity,solar,CSP,2085,0.1877
AH,electricity,solar,CSP,2090,0.1877
AH,electricity,solar,CSP,2095,0.1877
AH,electricity,solar,CSP,2100,0.1877
